id_provider,name,service_type,email,phone,provider_sk
56,Dunn Inc,DJ,loriboyer@pham.com,0013459645,14703
25,"Campbell, Humphrey and Sullivan",Venue,jennifer75@cruz.info,4805782739,14672
465,Moreno-Moore,DJ,opoole@buchanan.com,3796958752,15112
557,Ward-Nguyen,Catering,Ward-Nguyen@exemple.com,1947819879,15204
26,"Walker, Holmes and Sanders",Decoration,robinsonkaren@webster-chavez.com,3277257244,14673
27,"Hall, Nelson and Garcia",DJ,jeffrey05@figueroa.org,5265499104,14674
28,Thompson Inc,Venue,lewisjesse@mendoza-cross.net,6169591052,14675
29,Weaver-Pollard,Venue,melanie85@martinez-henderson.com,9387609095,14676
31,Robinson-Haynes,Venue,vstone@smith-smith.org,4558038092,14678
32,Johnson PLC,DJ,Johnson PLC@exemple.com,3244514002,14679
33,Wallace-Lopez,Photography,mathewsamy@carson.com,3382725096,14680
34,Hartman Ltd,Decoration,jennifer35@murillo-moore.info,1404303308,14681
35,Garcia and Sons,Photography,kylehill@hoffman.com,1999865752,14682
36,Holden-Howe,Catering,amandahall@thompson.com,0018396205,14683
37,Turner-Brown,Decoration,catherineshannon@barnes-murphy.net,9314240883,14684
38,Wade-Page,Catering,amanda41@evans.net,1804459707,14685
39,"Clay, Sanchez and Harvey",Catering,cruzsarah@carey.net,0017488351,14686
40,Cruz-Sanchez,Venue,glong@reed-adams.com,6964860771,14687
41,"Williams, Bishop and Tran",Decoration,matthewdavis@horn.com,0017656230,14688
42,"Bennett, Martinez and Kelley",Venue,erica13@collins-henry.info,4916196268,14689
43,Harrison-Ramsey,Catering,ryan16@fisher.net,3463256885,14690
44,"Hendricks, White and Meyer",DJ,langcody@baker-ayala.info,8367688147,14691
45,"Warner, Evans and Evans",Catering,"Warner, Evans and Evans@exemple.com",3225780461,14692
46,Collins-Sanders,Venue,tyrone89@roberson.org,9325396507,14693
47,Russell PLC,DJ,andrewnelson@james.com,5292867989,14694
48,Hunter-Howard,Catering,renee53@wilson-jenkins.com,5575912014,14695
49,"Wagner, Long and Bond",Decoration,upatel@blackwell.com,1353560015,14696
50,Miller Group,Photography,hendersongarrett@chen.com,0015449402,14697
51,Knox-Wilson,Decoration,faith35@obrien.info,5672447811,14698
52,"Duran, Delgado and Anderson",Venue,heather26@fleming.biz,7408588160,14699
53,Klein-Baker,DJ,franklinlaura@horne.com,2553943047,14700
54,"Taylor, Martinez and Cooper",Catering,nealdawn@carpenter.com,2852917943,14701
55,Brown-Abbott,Catering,robertwalker@young.org,2598108127,14702
57,Frye-Gonzalez,Venue,Frye-Gonzalez@exemple.com,5569836215,14704
58,Hall LLC,Catering,kara89@mullins.org,5894609611,14705
59,"Boyd, Rodriguez and Cooper",Decoration,"Boyd, Rodriguez and Cooper@exemple.com",5339143179,14706
60,"Smith, Robinson and Norton",Venue,owilliams@lewis.com,3379970878,14707
61,"Lopez, Melton and Johnston",Catering,deleondavid@lambert-williams.com,2039320574,14708
62,Craig LLC,Photography,sarahriley@walters-hodges.com,8636119544,14709
63,"Day, Lewis and Sullivan",Decoration,mark64@cardenas.org,4996652774,14710
64,"Williams, Mann and Nicholson",DJ,william98@hunter.com,8428288304,14711
65,Adams and Sons,DJ,rodriguezlaurie@newman-griffith.com,3526554389,14712
66,"Long, White and Gutierrez",Decoration,andrew95@clarke.com,2597149558,14713
67,"Reynolds, Gibbs and Smith",Decoration,joseph95@strong-silva.info,0015387574,14714
68,"Marquez, Stephens and Clark",Catering,brendasmith@jackson.com,9553505659,14715
69,Fields Ltd,Catering,rkline@lopez.info,9055396491,14716
70,"Thomas, Sims and Maldonado",Venue,michael21@austin-perkins.net,3706121269,14717
71,Adams-Moore,Photography,jcordova@irwin.com,0015923028,14718
72,"Hall, Downs and Mendoza",Catering,hudsonsteven@brown-little.com,2916559371,14719
73,"Craig, Hess and Brown",Venue,mcdonaldjacqueline@wilson-medina.com,1411729325,14720
74,Castro-Espinoza,Venue,kenneth62@yu.com,1704295620,14721
75,Jones-Ford,DJ,ashley68@kelly.com,8668930214,14722
76,Mullen PLC,Catering,Mullen PLC@exemple.com,1411280253,14723
77,Gonzalez-Atkinson,Catering,randyedwards@williams.com,1329661838,14724
78,Jones and Sons,DJ,williamstimothy@pierce.biz,7578272125,14725
79,"Serrano, Gay and Rios",Catering,jacqueline62@clark.com,0014092153,14726
80,Bentley-Johnston,Photography,ashleybanks@armstrong.com,0013339047,14727
81,Savage-Grant,DJ,garciarussell@odonnell.com,1742964113,14728
82,Castro PLC,Photography,christophermack@meyer-heath.com,4445381687,14729
83,"Cross, Hatfield and Williamson",Decoration,rebecca34@allen.com,9992078132,14730
84,Hamilton PLC,DJ,mcclurehelen@james.biz,9109917380,14731
85,"Mcdonald, Evans and Robertson",Decoration,gary00@jackson-barnett.net,6278338639,14732
86,Harvey PLC,Decoration,christiancarter@jones-martinez.org,7379301243,14733
87,Jones-Foster,Photography,Jones-Foster@exemple.com,2018894762,14734
88,"Kennedy, Collins and Baker",Catering,kellyward@scott.info,1490918193,14735
89,"Potter, Reese and Snyder",Venue,ljohnson@winters.com,4239660187,14736
1,Cooper-Lloyd,Decoration,williamsrobert@sutton.org,3278305038,14648
2,"Andrews, Hart and Smith",Decoration,zturner@watson.info,1522376275,14649
3,Gutierrez LLC,Decoration,ashley04@haney.com,5834980760,14650
4,Riggs-Gray,Decoration,amandawhite@murray.org,4624415750,14651
5,Parker-Lowe,Decoration,sanfordbrandon@jones-ramirez.com,6212146738,14652
6,"Cox, Cannon and Valenzuela",Photography,jonesemily@baker.com,1828845866,14653
7,"Kidd, Miller and Douglas",DJ,wooddavid@holmes-rodriguez.net,6058595068,14654
8,Edwards-Larson,Catering,lochoa@ruiz.com,0017388893,14655
9,"Silva, Kelly and Mcpherson",DJ,"Silva, Kelly and Mcpherson@exemple.com",1709281085,14656
10,Sloan-Benton,Catering,ellisluis@fisher.com,7325862934,14657
11,"Torres, Le and Navarro",Photography,ashleykane@harris.org,0012112592,14658
12,Arroyo-Martin,DJ,padillanicholas@smith.com,8088114700,14659
13,"Weaver, Wells and Johnson",Decoration,bruce03@small.com,1806469095,14660
14,Nichols-Hill,Photography,lewissteven@wagner.com,0017167791,14661
15,Beltran Ltd,Catering,galvarado@branch.com,2114141900,14662
16,Bishop-Davila,DJ,larryhanson@mendez.com,5425503797,14663
17,Archer-Murphy,Catering,aespinoza@williams.info,4313975723,14664
18,Haynes LLC,Photography,toddaustin@wilkerson.biz,8349673843,14665
19,Roman-Scott,Venue,mmarshall@gamble.info,2204679826,14666
20,Jackson PLC,Photography,tina00@vargas.com,4174412830,14667
21,Gilbert LLC,Catering,carpenterstephanie@brown.info,8602741247,14668
22,West PLC,Photography,christopher80@stewart.com,3446524216,14669
23,"Barnes, White and Casey",Venue,reedkeith@nash-valencia.com,0017804873,14670
24,"Horton, Hendricks and Edwards",Catering,tboyd@jackson-richards.net,3717122618,14671
30,White-Smith,Decoration,wmiranda@hill.com,0017462748,14677
90,Myers LLC,Decoration,rodriguezangela@ray.org,4787927308,14737
91,Fields-Jennings,DJ,lisaroberts@yang.com,0014775799,14738
92,Smith-Rojas,Venue,michaelmorrison@carroll.com,4077761368,14739
93,Martinez PLC,Venue,cbrown@bolton.com,8115185929,14740
94,Harris Inc,DJ,aporter@cardenas.com,3127144093,14741
95,Andrews-Martinez,Decoration,myates@combs.biz,3288148868,14742
96,Ingram-Bell,Venue,danielalexander@fox.org,0013298865,14743
97,"Brown, Chavez and Mcbride",DJ,sean68@watson.com,2785591524,14744
98,Thomas Ltd,Catering,qburns@bryant.com,3442568121,14745
99,Spencer and Sons,Photography,woodsmelissa@owens.info,9996680512,14746
100,"Johnson, Mata and Green",Venue,mary84@morales.com,9527924589,14747
101,Le-Scott,Photography,ramireztony@larson.biz,1586250939,14748
102,Miller-Lyons,Decoration,andrewscynthia@rosales.net,8749647103,14749
103,"Gilbert, Alvarez and Sullivan",Photography,matthew83@bates.com,2993382161,14750
104,"Valencia, Russell and Ruiz",Venue,jennifermendez@mcdonald.com,5388666597,14751
105,Oneal-Jenkins,Catering,graykari@mendez.com,9707436005,14752
106,"Johnson, Warren and Jones",Catering,carmensimon@davis-chapman.biz,1688314923,14753
107,Hahn-Robinson,DJ,susan92@mills.com,8506846939,14754
108,Baker-White,Decoration,pamela89@anderson.com,6778420988,14755
109,Cain-Hobbs,Photography,jeffersonmark@kelley.com,7084495513,14756
110,Carter-Vance,Decoration,dawsonsteve@coleman.com,4045471363,14757
111,"Gray, Daniels and Orr",Decoration,rosejohnny@west.net,7723783300,14758
112,Buck-Francis,Catering,michelleaustin@allen-lucero.com,7967428363,14759
113,"Hudson, Garcia and Smith",Venue,lewisjohn@griffith.biz,0018732103,14760
114,Davidson and Sons,Catering,morrisangela@noble.org,3135842340,14761
115,Myers Group,DJ,johnsonlisa@norman-nelson.com,8248016363,14762
116,Hutchinson PLC,Photography,kimhenry@leonard-berry.com,0017119375,14763
117,Young Group,Catering,daisy33@baker-miller.org,4179651218,14764
118,Thomas and Sons,Photography,antonio97@smith.biz,1291459924,14765
119,Ayala Ltd,Decoration,Ayala Ltd@exemple.com,1680321590,14766
120,Martinez PLC,Venue,longthomas@weber.net,0013944310,14767
121,"Hansen, Romero and Shields",Decoration,matthew69@collins-peterson.org,0018757871,14768
122,Ward-Lin,Venue,ksanders@peterson.net,7956364513,14769
123,Baker-Olsen,Venue,tina39@johnson.net,4514713707,14770
124,Fletcher LLC,Catering,laurie68@williams.biz,8206605510,14771
125,Holmes-Henry,DJ,lawsonrobert@coffey.net,0016384760,14772
126,"Garcia, Wilkerson and King",Catering,mwhitney@chang.net,1776309897,14773
127,Johnson-Garrison,DJ,robertthomas@tran-henry.net,6473314718,14774
128,Sellers-Owens,Venue,Sellers-Owens@exemple.com,2503883192,14775
129,Patel-Douglas,DJ,marshashley@saunders.com,0018859109,14776
130,"Olsen, Lambert and Long",DJ,hlowe@ward-cooper.info,9997440215,14777
131,Woodard Ltd,Decoration,andreawarren@smith-palmer.com,9242933307,14778
132,Stewart-Green,Decoration,juliebaker@larson.biz,2005722859,14779
133,Olson Ltd,Catering,diazivan@miller.biz,0019635809,14780
134,Davis-Jackson,Decoration,jordandavid@lopez.biz,5439827636,14781
135,Cunningham Inc,Venue,williammendoza@jones.org,7662835042,14782
136,House Group,Decoration,joshua95@lawrence.com,1989331284,14783
137,Evans-Watkins,Catering,brittany14@jones-chen.com,3689899100,14784
138,Brown Inc,Catering,Brown Inc@exemple.com,0014453309,14785
139,"Smith, Weeks and Owens",Photography,karlwilliams@mack-coleman.com,0015427295,14786
140,Collins-Hunter,Photography,stoutmariah@gates.biz,2164554354,14787
141,Cole Group,Decoration,lflynn@frey-odonnell.com,1614581648,14788
142,Stewart-Roberts,Decoration,Stewart-Roberts@exemple.com,5726925128,14789
143,"Weaver, Oconnor and Howell",Venue,taylorlorraine@kelly.org,4346445872,14790
144,"Jones, Decker and Johnson",Decoration,carlwilson@clements.biz,4525015465,14791
145,Wagner and Sons,Photography,danielle29@williams.biz,2454192536,14792
146,"Owens, Jackson and Evans",Catering,akelley@ferguson.biz,4904982125,14793
147,"Martin, King and Davis",Decoration,rodneycoleman@hardin-johnson.com,8275966514,14794
148,Harris Ltd,Photography,dorothyhubbard@weaver.biz,7059920840,14795
149,"Farley, Moore and Burns",Catering,hernandezmichael@white.com,0018657987,14796
150,Martinez-Krause,Decoration,ashleylawson@gardner.com,1576982990,14797
151,"Padilla, Johnson and Young",Photography,jboyd@clements-randall.info,0012114427,14798
152,Ellis and Sons,Catering,bellrobin@mann.com,8793954798,14799
153,Powers PLC,Decoration,kramerjonathan@jackson-sellers.net,2706439807,14800
154,Collins LLC,Catering,Collins LLC@exemple.com,5345374563,14801
155,Ayala and Sons,Photography,destiny97@hampton.net,6988123973,14802
156,Cole Ltd,Photography,bmcbride@fox.com,1658365652,14803
157,Kerr-Barton,DJ,rtucker@williams-patton.com,2454680491,14804
158,Mueller Ltd,Photography,jonestimothy@maddox.biz,0016655112,14805
159,"Watts, Hogan and Black",Decoration,mirandajeremiah@christian-dougherty.net,1699209964,14806
160,Green PLC,Decoration,kgonzales@rodriguez-brown.com,5699813446,14807
161,Yu LLC,Catering,cperez@hodges.info,1344852877,14808
162,Stewart and Sons,Photography,mtrujillo@rice-stone.org,0018919241,14809
163,Crawford LLC,Decoration,ebeck@torres-clark.org,0015296465,14810
164,Hood-Brown,DJ,harmonkristy@johnson-snyder.org,1638229730,14811
165,Jones-Johnson,DJ,tmorris@garrett.com,6894790411,14812
166,Garrett PLC,DJ,fcosta@rogers.com,1424561085,14813
167,Martin-Hammond,Decoration,christinagomez@smith.com,4847369652,14814
168,Vaughn-Martinez,Photography,scott33@glenn-schwartz.com,9924040387,14815
169,"Kemp, Davis and Payne",Catering,katrinacruz@miller.com,9836814083,14816
170,Mitchell Inc,Venue,stephenbarnes@lopez-cole.net,2415844273,14817
171,"Reed, Fisher and Lewis",Decoration,amybenitez@king-ewing.com,7083128361,14818
172,Morrison LLC,Venue,kwebb@richardson-martin.com,9476887474,14819
173,"Williams, Jones and Lopez",Catering,david91@barnett.info,5639327175,14820
174,Johnson-Lopez,Photography,jordanhuerta@green-ross.com,4253609462,14821
175,Evans-Sellers,Venue,davisjames@king.com,5614963615,14822
176,Hernandez-Brown,Catering,theresa24@stout.net,5336503505,14823
177,Coleman Ltd,Photography,cookdavid@scott-osborne.biz,2026165586,14824
178,Jones Inc,Photography,bradley10@hoover.net,1736916962,14825
179,Osborn-Garcia,Catering,andrew68@lowe.com,0014658212,14826
180,"Page, Patterson and Ward",Decoration,williamwest@coleman-wolfe.com,4805372765,14827
181,Lewis Group,DJ,carrollstephen@craig-chavez.com,0012268105,14828
182,Wallace PLC,Decoration,burkeerica@villegas.com,9613042776,14829
183,Barton-Frederick,DJ,matthewrivas@schneider.com,4557097087,14830
184,Jackson-Nash,Venue,danielallen@chavez.com,1915902977,14831
185,Hawkins-Combs,Photography,kevinmoore@dixon-todd.info,5219378949,14832
186,"Saunders, Farrell and Taylor",Venue,kirbyemily@kirk.net,4438142843,14833
187,Garner-Gilbert,Venue,richard58@crawford.com,8387219802,14834
188,"Berger, Arnold and Perez",Catering,powerstina@blevins.com,1813710057,14835
189,"Carlson, Howard and Mccarthy",Decoration,fsantiago@marquez.info,0017575142,14836
190,Reeves PLC,Decoration,christophercisneros@whitney-baxter.biz,1900729976,14837
191,"Reed, Wyatt and Harris",Decoration,jonesmercedes@williams-stewart.com,6123984818,14838
192,Salazar-Fleming,DJ,arobles@saunders.com,8034852055,14839
193,Nelson PLC,Catering,sharonhill@green.com,1914827644,14840
194,Noble-Blevins,Decoration,cherylclark@brown-dixon.net,1216895748,14841
195,"Johnson, Neal and Livingston",Photography,branchjoseph@harris.info,6225094540,14842
196,Martin-Williams,Catering,rileywatson@wilson.info,2723331519,14843
197,Weber and Sons,DJ,Weber and Sons@exemple.com,0018468925,14844
198,Sandoval Group,Photography,ericgordon@white.com,1730461056,14845
199,Smith-Aguilar,DJ,meadowsalexandria@carroll.com,1739474169,14846
200,Myers Inc,Photography,perrychristian@mendoza-young.com,4918204059,14847
201,"Mcbride, Powers and Smith",Photography,daisygoodman@lucas.com,8319738667,14848
202,Castillo Ltd,Photography,melanie24@williams-perez.com,1282243467,14849
203,Lopez-Peterson,Decoration,cellison@roberts-fowler.com,8613411770,14850
204,Weeks PLC,Photography,fross@turner.com,7918171159,14851
205,"Thomas, Harris and Morse",Photography,mdrake@anderson-norton.org,1385820390,14852
206,Frazier-Robinson,Photography,lauren20@foster.com,6295198356,14853
207,Martin LLC,Venue,npowell@pearson.com,1997819194,14854
208,"Hurst, Webster and Robertson",Photography,lynn53@butler.net,0019333662,14855
209,Torres Inc,Venue,Torres Inc@exemple.com,8863995942,14856
210,Smith-Wolf,Photography,bchurch@silva.com,4108652625,14857
211,"Shepherd, Townsend and James",Decoration,kwalters@richardson.com,8085881347,14858
212,Johnson Inc,Venue,xgibson@lee.com,2099047948,14859
213,Ayers-Cherry,Venue,hernandezteresa@rodriguez-gilbert.biz,6547935993,14860
214,Alvarado-Gutierrez,Venue,Alvarado-Gutierrez@exemple.com,1393271462,14861
215,"Hudson, Miller and Smith",Photography,"Hudson, Miller and Smith@exemple.com",4017388314,14862
216,Jensen PLC,Catering,gonzalezconnor@hamilton.org,0019725157,14863
217,"Scott, Hall and Jackson",Decoration,vbauer@weeks-graham.info,9442375317,14864
218,"Humphrey, Pope and Murphy",Venue,kenneth23@peters-gutierrez.org,1484622035,14865
219,White Inc,Decoration,jeff90@white.com,3924437409,14866
220,Smith and Sons,DJ,heathercarter@cox-mitchell.biz,0015432985,14867
221,Friedman Inc,DJ,ryankevin@schroeder-love.net,5259678390,14868
222,Brady-Rogers,Catering,clinedanielle@best-cruz.com,2174917662,14869
223,"Mckinney, Silva and Gonzalez",DJ,stephengill@curtis.com,7586482977,14870
224,"Young, Vazquez and Hale",DJ,chavezmary@marshall.com,0019006383,14871
225,Kelly-Morales,Catering,christine37@franklin.net,7806421542,14872
226,Henderson-Rivera,Catering,harriscindy@burns.org,5778210798,14873
227,"Wallace, Lee and Rodriguez",Venue,newmanbrittany@vasquez-rose.org,0017913467,14874
228,"Brown, Beltran and Potter",Catering,hendersonashley@chapman-fleming.biz,5476055142,14875
229,Flores PLC,Venue,cjohnson@smith.com,2763197599,14876
230,"Henry, Gonzalez and Lee",Venue,dwagner@richardson-barnes.org,0014533874,14877
231,"Smith, Wright and Ramirez",Catering,"Smith, Wright and Ramirez@exemple.com",1439664627,14878
232,Flores-Rodriguez,Photography,alejandro14@long.net,8097088902,14879
233,Kemp Ltd,DJ,Kemp Ltd@exemple.com,8353465694,14880
234,Warren Ltd,Venue,bethany75@webb-griffin.com,4626427397,14881
235,Williams Group,Photography,joshua75@santiago.com,9376120928,14882
236,"Ortiz, Santiago and Morrison",Decoration,cody48@ramos.info,9323896653,14883
237,Phillips-Swanson,Decoration,osalazar@potts.com,3654897266,14884
238,Wilson-Fletcher,DJ,tracy64@flores.biz,4238491465,14885
239,Russell-Lang,DJ,thomasmelissa@perez.net,5066069579,14886
240,"Nguyen, French and Duran",Photography,dking@hamilton.net,2989183306,14887
241,Bruce Ltd,Photography,wkennedy@nash-johnson.com,0014333641,14888
242,Garza LLC,Decoration,xcole@bray-morales.com,6778987937,14889
243,Rowland Ltd,Catering,amanda08@wright.net,8197537232,14890
244,Walls-Simpson,Decoration,nrogers@dunn.biz,9698644363,14891
245,"Morgan, Torres and Garza",Decoration,smyers@waters.biz,5599213648,14892
246,Myers-Bryan,DJ,psullivan@hicks.net,7456810459,14893
247,Colon Inc,Decoration,eddie72@moody.com,0014812290,14894
248,Brown-Harris,DJ,erinblair@wheeler.com,0016719258,14895
249,Aguilar PLC,Catering,zacharykeller@sandoval.com,6022100241,14896
250,"Brandt, Villegas and Johnson",Venue,durhamdawn@carter-thomas.com,1392666871,14897
251,Castaneda and Sons,Venue,gregoryfloyd@wilkins-young.com,6137148382,14898
252,Sheppard and Sons,Catering,tkoch@davis.net,0017058587,14899
253,"Wheeler, Glass and Stewart",Catering,robertskatelyn@tran.com,5848064568,14900
254,"Hunter, Miller and Bell",Catering,xlin@smith-blankenship.org,2157357550,14901
255,"Gutierrez, Hunt and Williams",Catering,zhicks@williams.info,0015124733,14902
256,Baker-Bass,Decoration,danielharvey@harris.org,0016549669,14903
257,Davis Group,DJ,michelle06@adams-pace.com,2197777034,14904
258,Brennan-Galvan,DJ,amy11@porter.com,9228829544,14905
259,Price-Rich,Decoration,awolf@vincent.com,3774479243,14906
260,Mcneil-Roberts,Catering,michealmcclure@jones.biz,4058588186,14907
261,"Patterson, Montoya and Koch",Catering,stacy90@hahn.info,7925060400,14908
262,"Thompson, Wood and Fox",Photography,juliemorrison@williamson.com,3228311742,14909
263,Green Ltd,Decoration,heather67@dorsey-harrington.com,2888110223,14910
264,Moore LLC,Decoration,antonio43@gallegos.com,1566292003,14911
265,"Miller, Hinton and Mcbride",Venue,jmorris@blankenship.biz,6673165330,14912
266,Cannon-Greene,DJ,loriwillis@simon.com,1648770519,14913
267,Harris and Sons,DJ,mcox@blankenship.org,0015063285,14914
268,"Shannon, Myers and Castro",DJ,davidwalker@fleming.com,3404410696,14915
269,Lewis-Patterson,Venue,martha57@chang-anthony.com,4032135616,14916
270,Alexander-Hill,Photography,anitamontoya@hughes-clark.biz,0018149025,14917
271,"Arias, Fields and Lee",DJ,robbinslorraine@brown-yoder.net,3029814422,14918
272,Lawson-Watts,Venue,evillanueva@wright.org,8523172454,14919
273,Hanson-Hall,Decoration,ashlee02@lane-flores.com,4163592008,14920
274,"Cummings, Jackson and Taylor",Catering,browncindy@norman.com,2323852918,14921
275,Bauer-Huynh,Venue,Bauer-Huynh@exemple.com,8997302417,14922
276,Sosa-Aguilar,Catering,lindavaughn@stewart.com,5955742292,14923
277,Hudson-Rios,DJ,megan65@caldwell-lloyd.com,4503392565,14924
278,"Rodriguez, Ward and Cook",Venue,wwatts@young-mitchell.com,1707807977,14925
279,Garcia LLC,Photography,tamara31@dunlap-nguyen.info,5823434614,14926
280,Campos-Murray,Decoration,xhicks@butler-hall.info,7534576111,14927
281,Powell-Morris,Catering,martinmatthew@duarte.com,0014835906,14928
282,Riley LLC,Venue,shannonward@barnes.net,9692178342,14929
283,Garcia-Christian,DJ,christinechoi@leblanc-mccall.info,7476599157,14930
284,"Ruiz, Waller and Rios",Venue,josephcohen@blankenship.com,6552109043,14931
285,"Davis, Moore and Prince",Venue,gramos@osborn.com,0013392143,14932
286,Brennan LLC,Decoration,kelleyjackson@brewer-wall.info,1627440159,14933
287,"Lynn, King and Lopez",DJ,npage@brown.net,0012684303,14934
288,"Jackson, Brooks and Davis",Decoration,martinkathleen@rios-king.com,9687872289,14935
289,Wilson-Hernandez,Catering,leah00@miller-porter.com,9628959488,14936
290,Hayes and Sons,Photography,rdunlap@hopkins.biz,2752707713,14937
291,"Johnson, Waters and Graham",Catering,alexiscoffey@lindsey.com,2692886371,14938
292,Watson PLC,DJ,ronniehenson@barnes-mckinney.com,4524475527,14939
293,"Martinez, Stuart and Cooper",Venue,"Martinez, Stuart and Cooper@exemple.com",8944117657,14940
294,"Chandler, Mora and Haynes",Photography,derek94@schmitt.com,0014667312,14941
295,"Stewart, Costa and Cardenas",Venue,ethangarcia@mccoy.com,1541616870,14942
296,Huffman-Norton,Decoration,davidmann@hunter.info,0012114203,14943
297,Fuller Inc,Venue,hhall@brown.com,6677105978,14944
298,Hopkins and Sons,Catering,katherinewhite@osborne.com,9164119599,14945
299,"Murphy, Blanchard and Harris",Decoration,"Murphy, Blanchard and Harris@exemple.com",4773870886,14946
300,"Marshall, Osborne and Newman",Catering,nataliebell@rodriguez-kelly.com,7847826883,14947
301,"Robles, King and Haynes",Decoration,oparrish@moran.biz,3762220318,14948
302,"Sutton, Friedman and Ramirez",Venue,jordan33@nguyen-ward.net,3567134948,14949
303,Haynes Inc,DJ,davisashley@scott-cuevas.com,6268257430,14950
304,"Rosales, Hanson and Fields",Decoration,"Rosales, Hanson and Fields@exemple.com",8604277704,14951
305,Hansen and Sons,Catering,laurapacheco@terry.net,9224128509,14952
306,Kane-Hanson,DJ,paul79@parker-walker.net,0018023137,14953
307,"Taylor, Davidson and Armstrong",Decoration,hmccoy@matthews.biz,8345496066,14954
308,Williams-Heath,Venue,hermankenneth@miles.info,5236653109,14955
309,Ward Inc,Catering,hgarcia@juarez.com,1738813687,14956
310,Cole and Sons,Catering,suzannecrawford@rogers.biz,4436844836,14957
311,"Curtis, Pierce and Khan",DJ,lisamitchell@farmer-reynolds.com,0019024660,14958
312,Davis and Sons,Catering,jessicareynolds@acosta-montgomery.com,6359935936,14959
313,"Johnston, Jackson and Wilson",Venue,stephaniesmith@mccarty-valencia.com,2443787159,14960
314,"Short, Hill and Gray",DJ,michaeldavis@stewart-alexander.com,3902841741,14961
315,"Green, Freeman and Mcbride",Catering,khantimothy@acosta.com,8684801022,14962
316,Torres Group,Venue,amywilson@anderson.com,6927504396,14963
317,Anderson-Anderson,Photography,david08@patton.com,5887547489,14964
318,"Harris, Stark and Duran",Decoration,marissamalone@foley.com,8094391142,14965
319,Summers-Baker,Catering,birddonna@lawson.info,1988930211,14966
320,Boone-Thomas,Catering,pauljohn@phillips-crawford.com,1518979857,14967
321,"King, Moore and Macdonald",Catering,john43@adams.com,0015873170,14968
322,Moore PLC,Catering,Moore PLC@exemple.com,4295629874,14969
323,"Diaz, Morgan and Hendricks",Catering,whitney66@gonzalez.com,0015058770,14970
324,Roberson Group,Photography,christopher60@hawkins.info,8938024129,14971
325,Wilson-Hayes,Photography,jacobbaker@smith-robbins.com,7733090049,14972
326,Powell PLC,Photography,jschmidt@newman.com,4167643232,14973
327,Evans-Howard,DJ,jennifer54@stevens-murray.com,6063569861,14974
328,"Cooper, Shepard and Ramirez",Photography,randyhernandez@ross-ellis.net,5056012060,14975
329,"Burgess, Calhoun and George",Photography,ashannon@grimes.org,3006564527,14976
330,Patterson-Ewing,Photography,briansmith@holmes.com,1393275688,14977
331,Cherry-Hernandez,Decoration,amyford@rivas.org,7163605668,14978
332,Mills PLC,Photography,hgamble@hunt.com,4127337485,14979
333,"Lee, Jordan and Obrien",Venue,kellyjenna@byrd-stevenson.com,8036404924,14980
334,"Stuart, Lopez and Alvarez",Venue,michaelbuchanan@johnson-jenkins.com,5948685606,14981
335,Bennett and Sons,Decoration,annamartinez@chen.com,8939690577,14982
336,Evans PLC,Decoration,mclark@tyler.com,6553725272,14983
337,Barron-Johnson,Venue,wbailey@jones.com,8442613052,14984
338,Hernandez LLC,Venue,crystal73@martin-short.com,5024935318,14985
339,Turner-Watkins,DJ,kentandrea@turner-smith.com,5237271918,14986
340,"Jefferson, Miller and Gonzales",Decoration,karen87@cruz-bowman.com,2936808210,14987
341,"Rowland, Flores and Carroll",Catering,kristinacarroll@nichols.com,4624949053,14988
342,Williams-Chavez,Photography,kevin24@west-norton.org,1926763650,14989
343,"Martin, Gonzalez and Rodriguez",Catering,villabrittany@walker.biz,2234076592,14990
344,Sparks-Brock,DJ,adamswhitney@anderson.org,5482002689,14991
345,Lynn LLC,Photography,wrightdanielle@hicks-smith.com,1877560388,14992
346,Rosario-Morgan,Catering,jesusfoster@shields.com,8579969069,14993
347,"Lyons, Young and Miller",Venue,joseph61@eaton.com,9865443808,14994
348,Anderson Ltd,Venue,ylowe@reed.info,5775694271,14995
349,Sparks-Gutierrez,Venue,edwinjackson@robbins.com,2712232072,14996
350,Boyd-Gutierrez,Decoration,shortalyssa@little.com,9387881383,14997
351,"Davis, Thompson and Cox",Catering,wilsondavid@king.com,1306211678,14998
352,Cox Ltd,Decoration,frederickhancock@humphrey.net,5244346825,14999
353,Johnson Inc,Venue,xmarquez@nguyen.com,6835468340,15000
354,"Smith, Berry and Cherry",Catering,ericapetty@byrd.info,3403236528,15001
355,Smith Group,Venue,michael42@blake.org,8756955677,15002
356,Smith-Fernandez,Photography,amanda92@dixon-moreno.com,3377737905,15003
357,Buchanan-Ryan,Venue,baldwinamanda@brown.org,0018365638,15004
358,"Williams, Bailey and Hammond",DJ,gbranch@griffin.com,0016004361,15005
359,Rodriguez PLC,DJ,jeffrey98@gordon.net,6434154894,15006
360,Boyd and Sons,Photography,Boyd and Sons@exemple.com,8485689483,15007
361,Duncan-Murray,DJ,chopkins@young.net,1789311281,15008
362,"Villanueva, Reynolds and Woodard",Photography,porterwayne@rich.com,4083555712,15009
363,Taylor-Robinson,Catering,mwilliams@harrison-stevens.com,5395956910,15010
364,Ellis and Sons,Venue,navarrotimothy@crawford.org,4936515474,15011
365,Guerrero-Ware,Photography,zunigamatthew@waller.net,9239968853,15012
366,"Liu, Williams and Jensen",Venue,padillalori@macias.com,0018496092,15013
367,"Spears, Pruitt and Reilly",Venue,deborahjones@shields.com,3619226084,15014
368,Scott-Ford,Catering,ashley92@douglas.biz,5893737403,15015
369,Cline-Duncan,DJ,lisa78@le.com,0019754362,15016
370,Moore LLC,DJ,hernandeztroy@hill.com,0019806609,15017
371,Williams-Saunders,Venue,gallagherjulie@garcia.org,3968968959,15018
372,"Farmer, Gordon and Simpson",Decoration,gravesjennifer@henry.com,3418431180,15019
373,Terrell-Williams,Decoration,hwatkins@morrow-lucas.com,0016237379,15020
374,"Hunt, Gutierrez and Smith",Photography,moorestephen@farmer.com,4699892685,15021
375,"Higgins, Delgado and West",Decoration,cherylknight@greene-snow.net,4936949017,15022
376,Mendoza-Carson,Venue,zthomas@doyle-frazier.info,2489558225,15023
377,"Oconnor, Vaughn and Mack",DJ,tammie38@howard-simmons.com,9869236661,15024
378,"Rose, Osborne and Boyd",Venue,felicia91@gonzalez-wilson.com,9877433115,15025
379,Sanchez and Sons,Catering,adamnolan@welch.com,0013298486,15026
380,Davis Inc,Catering,Davis Inc@exemple.com,6959660325,15027
381,"Gibson, Burns and Smith",Venue,alejandrosmith@giles.com,8308781666,15028
382,Harris-Garrett,Decoration,tylerbarnett@butler.com,4516278986,15029
383,Sullivan and Sons,Catering,sarah01@morris.com,1468834813,15030
384,Shaffer-Rodriguez,Catering,Shaffer-Rodriguez@exemple.com,0014555988,15031
385,Barnes PLC,DJ,jason04@hicks.com,5462469665,15032
386,"Jordan, Gordon and Schneider",Decoration,james75@smith.com,1500536454,15033
387,Johnson-Williams,DJ,richardhall@wiggins.com,3432798857,15034
388,Young-Rivas,Photography,Young-Rivas@exemple.com,8763992514,15035
389,Evans and Sons,Venue,Evans and Sons@exemple.com,3263387892,15036
390,Jones and Sons,Catering,richard47@lewis.org,6896169117,15037
391,Booker-Sosa,Catering,hodgeshawn@hill.com,0014346711,15038
392,Taylor Ltd,DJ,john38@grimes.com,0017502170,15039
393,Willis-Christian,DJ,georgesilva@davis.com,7487829396,15040
394,Moore-Nichols,Venue,jamieadams@torres.com,9633868599,15041
395,"Orr, Hickman and Cox",Decoration,belljames@jones.com,9398896518,15042
396,Thomas Inc,DJ,Thomas Inc@exemple.com,5146402400,15043
397,Hall and Sons,Photography,angela73@bryant.org,5247983504,15044
398,Cook-Brennan,Venue,johnstonbrian@dunlap.biz,1286859357,15045
399,"Miller, Erickson and Mayer",Decoration,taylorbradley@campbell.com,3935848746,15046
400,"Adams, David and Williams",Venue,zadams@rangel.com,7933731240,15047
401,"Kelley, Smith and Johnson",DJ,stevenmiller@miller.com,2769029057,15048
402,Lawrence and Sons,Photography,Lawrence and Sons@exemple.com,3206698636,15049
403,"Bishop, Copeland and Juarez",Photography,stephen00@preston-hood.com,4018467179,15050
404,Fernandez-Johnson,Decoration,qmeyer@hill-thomas.com,3483343006,15051
405,James LLC,Decoration,mendozajerome@wood.biz,6902270995,15052
406,"Smith, Patrick and Norman",Photography,"Smith, Patrick and Norman@exemple.com",4338236933,15053
407,Garcia-Mercer,Catering,hartmanjoseph@nguyen-mason.com,7889877742,15054
408,"Adams, Young and Smith",Venue,jgeorge@schmidt.com,9418748899,15055
409,"Parks, Smith and Johnson",Venue,richard89@stout.biz,0017586529,15056
410,Curtis Group,Decoration,kingdaniel@hernandez.com,9715197620,15057
411,Arroyo LLC,Photography,bianca50@larson.com,0016205100,15058
412,"Harrison, Bailey and Thompson",DJ,matthew71@harrison.org,7473849149,15059
413,Turner-Sullivan,Decoration,erik32@hayes.biz,8788419765,15060
414,Jones-Taylor,Venue,tannermclean@long.com,8349607720,15061
415,Hardy Inc,DJ,jon47@martinez.org,8583764528,15062
416,Thomas and Sons,DJ,wyoung@gray-anderson.com,9448132959,15063
417,Deleon Ltd,Photography,loriadams@roberts-roberts.com,1790465668,15064
418,Mcconnell Ltd,DJ,bwilliamson@wagner.info,5962725408,15065
419,White Group,DJ,judithjohnson@palmer.com,0012628014,15066
420,"Werner, Dixon and Fischer",DJ,nanderson@williams.com,2943592162,15067
421,"Wilson, Jordan and Rodriguez",Catering,kelly52@gonzales.com,5143151706,15068
422,Hill and Sons,Photography,umorales@crawford-porter.net,1414648509,15069
423,Snyder-Bell,Decoration,deancarolyn@hernandez-little.com,2967149811,15070
424,"Logan, Hanson and Ramos",Photography,william56@gardner.com,9995026270,15071
425,Campbell Inc,Venue,ugross@sanchez-greene.com,1805998919,15072
426,"Anthony, Johnson and Hill",Venue,nicholaswest@davis.com,0012209221,15073
427,"Price, Smith and Gomez",Photography,laurenhinton@khan.com,0019089543,15074
428,"Walker, Ford and Brown",Catering,karenkennedy@hammond-manning.com,6682308580,15075
429,Gomez Group,Venue,gary86@copeland.org,3922740926,15076
430,Thomas PLC,Decoration,pamela16@hughes.info,7785600541,15077
431,"Jones, Shepherd and Serrano",DJ,leahkey@jenkins-bright.com,1431854910,15078
432,Forbes and Sons,Venue,michael27@juarez.com,0018683592,15079
433,"Cordova, Crawford and Fischer",Photography,jclark@decker-compton.com,5114373330,15080
434,Gomez-Buchanan,Decoration,littlekaitlin@moore-silva.net,0014294460,15081
435,Taylor-Knight,Decoration,reynoldsmatthew@anderson-mckenzie.com,8159632076,15082
436,"Wong, Bruce and Mercado",Decoration,ncardenas@pugh-stevenson.net,0017183564,15083
437,Hall-Joseph,Catering,idavila@ellis.com,8464945409,15084
438,Braun-Mcdonald,DJ,gregoryfarrell@carlson.net,9174938155,15085
439,Adkins Ltd,Decoration,thays@jones.biz,0015842915,15086
440,Velez LLC,Photography,grodriguez@silva.com,2993969251,15087
441,Castaneda Group,Venue,donald72@garza.com,1506292906,15088
442,Bennett-Perez,Photography,camposeric@black-robbins.com,2247112248,15089
443,Skinner-Campbell,Catering,nielsenvictoria@nelson.net,6862137025,15090
444,"Richardson, Thomas and Adams",Photography,houstonmindy@callahan.com,6979163848,15091
445,Johnston LLC,Catering,tskinner@sheppard-sanchez.net,5143407468,15092
446,Alvarado-Gonzales,Decoration,emily55@dickerson.net,1431853299,15093
447,Henson-Myers,Venue,lmartin@todd.biz,1274582919,15094
448,Hall-Miller,Venue,owilliams@jones.com,9228357122,15095
449,Moore Inc,DJ,jennifer61@brown.biz,0015196534,15096
450,"Thompson, Carpenter and Caldwell",Venue,zvincent@vaughn.com,0014133315,15097
451,Mack-Roy,DJ,justin44@lewis-moore.biz,3605770184,15098
452,Ramsey-Frey,Decoration,sotopeter@smith-wright.biz,3006040765,15099
453,Brown-West,Venue,amygeorge@carrillo-walker.com,5053623817,15100
454,Hoover-Kirk,DJ,johnwheeler@barrett.com,9086415358,15101
455,"Austin, Brown and Franklin",Photography,micheleanderson@clark-calderon.com,1786971375,15102
456,Rodriguez-Turner,DJ,ohess@gillespie.com,1339339486,15103
457,Stanley-Hooper,Catering,perezjennifer@simon-weaver.com,0014167401,15104
458,Lowe-Moses,DJ,omyers@brown-taylor.org,1626590163,15105
459,"Peterson, Clark and Smith",DJ,ryannunez@davidson.net,1924253651,15106
460,"Ramirez, Jackson and Miller",Photography,torr@weber.com,4229540629,15107
461,Jackson-Carter,Catering,tyoung@hopkins.com,0012176804,15108
462,Herring Inc,Venue,williamsabigail@williamson-gray.biz,3112484220,15109
463,Page PLC,Photography,Page PLC@exemple.com,8203845248,15110
464,Arias PLC,Decoration,brooksdavid@morales.org,0019227583,15111
466,Hansen Inc,Decoration,danielsjessica@smith.org,6966335675,15113
467,"Ramos, Thompson and Mckay",DJ,lwright@soto.biz,1483474150,15114
468,Wu-Galloway,DJ,hunterbaxter@nelson.com,5686041103,15115
469,Williams-Hughes,DJ,crodgers@king.com,1376618924,15116
470,Quinn Group,Venue,phyllislowery@barton.info,0012654675,15117
471,"Robertson, Ortiz and Nelson",Photography,michael89@aguilar.biz,0018158222,15118
472,Andrade LLC,Decoration,xbond@hernandez.com,0019682329,15119
473,Fuentes Inc,Decoration,Fuentes Inc@exemple.com,0012126729,15120
474,Navarro Inc,DJ,christiansampson@williams.org,4558076013,15121
475,Jimenez Ltd,Venue,Jimenez Ltd@exemple.com,1225861904,15122
476,"Carson, Nichols and Cook",Decoration,amyhart@hall.com,5294177401,15123
477,"Johnson, Gonzalez and Jones",Catering,leonardbrenda@hardy-welch.biz,0019433088,15124
478,Scott Group,Photography,kathrynwright@simmons.net,0012903779,15125
479,Williams-Diaz,DJ,anthony49@lyons-little.info,1483715601,15126
480,Fernandez-Cooper,Catering,garciafernando@rodgers-mendez.com,7633089450,15127
481,Ward-Galvan,Decoration,woodnatasha@schneider.com,0015463997,15128
482,"Smith, Scott and Bruce",DJ,scott40@caldwell-oneill.net,1328600872,15129
483,Howard and Sons,Catering,Howard and Sons@exemple.com,0014106039,15130
484,Mcintyre-Juarez,DJ,jessicajones@cameron.net,0014769641,15131
485,"Fuentes, Owens and Howard",DJ,woodsshannon@morales.com,5128672160,15132
486,"Burch, Williams and Carter",Decoration,martinjohnson@hawkins.com,0019149587,15133
487,"Smith, Ramirez and Brown",Venue,"Smith, Ramirez and Brown@exemple.com",8483987672,15134
488,Jackson LLC,Venue,meganbrown@daugherty.org,7234081095,15135
489,"Jones, Richards and Davis",Catering,mendozajohn@matthews-black.com,3486598003,15136
490,Lynch Group,Catering,janetgreer@cross.com,9809295788,15137
491,"Ortiz, Sims and Sanford",Decoration,mitchellmichelle@erickson-wood.biz,7562488329,15138
492,Vazquez Ltd,Catering,rosarioryan@anderson.com,2738985014,15139
493,"Smith, Richardson and Terry",Catering,marshamanda@conway.net,9778505410,15140
494,Russell Ltd,DJ,harperstephen@brock.info,6468820412,15141
495,"Rogers, Franklin and Guzman",Catering,iperez@foster.org,3653751815,15142
496,"Cook, Coleman and Smith",Photography,dannygilmore@anderson-miller.com,0019215326,15143
497,Gonzalez-Curtis,DJ,choward@santiago.com,0019789633,15144
498,Frey-Moore,Venue,hillantonio@george.com,2964658999,15145
499,Mendoza Ltd,Photography,peterrogers@bradley-lee.com,7745736319,15146
500,Hines and Sons,Photography,joe81@cummings-espinoza.com,1746272556,15147
501,Briggs LLC,DJ,watsonbrandon@mayer-campbell.com,6716947251,15148
502,"Wilkinson, Ellis and Riley",Catering,natashadowns@gross.com,7994401091,15149
503,Christian-Jordan,Venue,sextonjoseph@waters.biz,4472739846,15150
504,Cobb-Jones,Venue,stanleysmith@long-levy.biz,8532550595,15151
505,Martin-Shannon,DJ,Martin-Shannon@exemple.com,2679507555,15152
506,"Mckee, Hess and Bryant",Decoration,casey88@leonard-baker.com,6389931177,15153
507,Brown Inc,Decoration,briangreen@jackson.com,6042008115,15154
508,Johnson Inc,Decoration,Johnson Inc@exemple.com,2238207222,15155
509,Smith PLC,Decoration,Smith PLC@exemple.com,0018637938,15156
510,Davidson-Cain,DJ,allenpaige@lewis.com,3053582088,15157
511,"Ray, Murray and Murphy",Catering,emilywalker@hogan.net,8036285951,15158
512,Ramirez PLC,DJ,lawrencecatherine@gray.com,5936086485,15159
513,Reyes-Perkins,Venue,svazquez@rogers.com,4615011210,15160
514,"Bryant, Hunter and Davidson",Decoration,jenkinscalvin@white.org,1901913571,15161
515,"Colon, Phillips and Sanders",DJ,aaron40@richards.com,7955186633,15162
516,Mcintyre Group,Decoration,tlucero@stein.com,4035931762,15163
517,Morrison-Walters,Catering,xsavage@george.com,1844945923,15164
518,Velazquez and Sons,DJ,michelle38@hardy.com,8484647552,15165
519,Newman-Krueger,DJ,xsmith@wade-taylor.com,5715795485,15166
520,Patterson-Hall,DJ,paul08@lopez.com,0018445800,15167
521,Park-Hernandez,Venue,jacquelinemorgan@castro.com,0016138494,15168
522,Anderson-Beard,Photography,caldwelldouglas@collier-vasquez.info,8498971932,15169
523,"Lewis, Mooney and Rios",Venue,jonesjerry@pham.com,5244251971,15170
524,"Moore, Chavez and English",Catering,christopher88@warren-morales.net,4209006612,15171
525,"Smith, Bradford and Cunningham",Catering,christian75@gordon.com,4203149830,15172
526,Rivas-Stone,DJ,marshpaige@pope-kelley.biz,0012449989,15173
527,"Hughes, Jenkins and Wilkinson",DJ,"Hughes, Jenkins and Wilkinson@exemple.com",0012893849,15174
528,Bowman-Wood,Venue,garciaellen@smith.com,4728537091,15175
529,Torres PLC,DJ,gknight@james-savage.biz,1998268492,15176
530,Bowen and Sons,Catering,emoore@perez.biz,4837919456,15177
531,Smith Group,Decoration,joshuaochoa@kim-rogers.biz,1378654803,15178
532,Cochran-Baker,Photography,jamesfoster@howell-sweeney.com,4139267167,15179
533,"Green, Hoffman and Armstrong",Catering,joseph10@mejia.com,5299329459,15180
534,"Turner, Rollins and Williams",Photography,ylane@smith.com,3956728259,15181
535,Marquez-Phillips,Venue,dennismelissa@le.com,4164632897,15182
536,Escobar-Taylor,Venue,sheltonallen@jackson-kent.com,0019979234,15183
537,"Bryant, Hunt and Turner",Decoration,heidi33@miller.com,3388618867,15184
538,Ellis Ltd,Photography,cterry@martinez.org,1480335754,15185
539,Costa LLC,Photography,Costa LLC@exemple.com,0012874102,15186
540,"Henry, Mckinney and Garcia",DJ,allenscott@davis.com,6524579408,15187
541,Ross-Martinez,Photography,blanchardjoel@robles.com,4029997532,15188
542,Taylor-Garcia,Decoration,brownjoshua@henderson.biz,2203171461,15189
543,"Johnson, Smith and Davis",DJ,aparks@cowan.biz,6549483024,15190
544,"Wise, Stevenson and Garcia",DJ,grant54@schultz.com,0017423587,15191
545,Jones PLC,Photography,serranoglenn@good.com,0014902533,15192
546,Fernandez LLC,Photography,justinwilliams@schmidt.info,9074454160,15193
547,Vaughn Ltd,Photography,tlee@chaney.com,6316359774,15194
548,Horne-Gonzalez,Decoration,hamiltonbreanna@garcia.com,1853629437,15195
549,"Salas, Huber and Townsend",Photography,uking@hughes.org,6828784598,15196
550,"Brown, George and Vaughn",Catering,sbrooks@collins.biz,6972994777,15197
551,"Howard, Young and Green",Venue,qmccoy@rich.net,1717527312,15198
552,Gutierrez-Wilkins,Photography,waynedaniels@thompson-smith.info,6366134656,15199
553,Kelly-Lawson,DJ,justinhaas@mahoney.net,6984307937,15200
554,Dixon PLC,Catering,fred67@murphy.org,0012787017,15201
555,"Garcia, Price and Jennings",Photography,charlesavery@ramirez-gutierrez.com,3576754741,15202
556,Tanner PLC,Photography,brooke50@taylor.com,1553209880,15203
558,Webb Inc,DJ,laneamanda@lee.net,1713240918,15205
559,Wallace PLC,Venue,salazarjoshua@martin-bryant.com,0017629075,15206
560,Sellers-Williams,Catering,johnsonpatrick@edwards.com,1606201851,15207
561,"Mendoza, Mckenzie and Mathews",DJ,melinda32@ramirez-webster.com,4569110304,15208
562,"Johnson, Johnson and Pham",Photography,justinoliver@richardson.com,3965260682,15209
563,Anderson-Hartman,Photography,Anderson-Hartman@exemple.com,8358805997,15210
564,Munoz Ltd,Venue,Munoz Ltd@exemple.com,5415753210,15211
565,Wilson-Martin,Photography,phillipsmartin@lynch.com,3723128121,15212
566,Jones Inc,Venue,ronniedawson@dickerson.net,1307457884,15213
567,Mcdaniel-Scott,Decoration,perezthomas@young-bauer.biz,0015674675,15214
568,Gardner-Pierce,Decoration,ahensley@terrell.net,6629140625,15215
569,Andrade PLC,Venue,wallacetiffany@thomas.org,3366802492,15216
570,Jimenez Group,Decoration,kristi88@hodges-robinson.net,9432351770,15217
571,Dennis-Jones,Decoration,lmanning@thompson.com,8454157253,15218
572,Waller-Christensen,DJ,lukenunez@kirk-martin.org,5825190946,15219
573,Johnson and Sons,Decoration,christinaday@lucas-ramirez.com,6286130067,15220
574,"Perez, Cooper and Garcia",Venue,drodriguez@carlson.info,5688574474,15221
575,Walker Group,Photography,sharper@wilson-hart.com,5942910587,15222
576,"Evans, Villarreal and Thompson",Venue,zacharywilson@dodson.info,6368711750,15223
577,Wade LLC,DJ,seanfrey@paul.net,4199228206,15224
578,Torres Inc,DJ,matthewsmatthew@williams.com,0014649880,15225
579,"Johnson, Silva and Singh",Venue,"Johnson, Silva and Singh@exemple.com",4564232210,15226
580,Lewis Inc,Decoration,vmitchell@smith.org,7888958999,15227
581,Price PLC,DJ,ispencer@mosley-taylor.com,1960340616,15228
582,"Morgan, Lang and Horne",Photography,rbrown@briggs.biz,4676518879,15229
583,Henson Group,DJ,Henson Group@exemple.com,2473557747,15230
584,Davis-Humphrey,Decoration,urodgers@smith-reeves.com,1406702363,15231
585,Perez-Floyd,Catering,brownkathryn@weiss.com,7098982749,15232
586,Adams and Sons,Decoration,anthony02@brown.com,5124126807,15233
587,Phillips PLC,Venue,fjones@davis.info,0015416631,15234
588,Carter-Diaz,Catering,qjohnson@roberts.biz,8749943311,15235
589,"Anderson, Long and Mercer",Photography,marcus40@williams-clarke.net,2358120763,15236
590,Hurst-Garner,Photography,Hurst-Garner@exemple.com,0016582229,15237
591,Greene and Sons,DJ,mooremary@daniel.com,5168413553,15238
592,Torres-Woods,Photography,uturner@reyes-jenkins.com,1763255123,15239
593,Nguyen and Sons,Photography,adamsmarisa@cross.com,7988075543,15240
594,Larsen-Stout,Catering,cjones@evans.com,6914216498,15241
595,Daniels Inc,Catering,hallrobert@nelson.com,4237929459,15242
596,Guzman-Johnson,DJ,brockmatthew@knight.com,1709381186,15243
597,Robinson Ltd,Decoration,egamble@silva-boyer.com,0017733500,15244
598,"Underwood, Buck and Copeland",DJ,moralesgerald@solis-robinson.com,7373186272,15245
599,"Jackson, Gay and Jones",Venue,samanthapotts@harrison.com,0018935188,15246
600,"Owens, Johnson and Hays",DJ,marknguyen@wilson-scott.com,0015254424,15247
601,Barnes-Mcintyre,Photography,qhuber@gonzalez-long.com,1200935482,15248
602,"Hubbard, Boyd and Clark",Catering,amber82@little.com,1760291172,15249
603,Rodriguez PLC,Catering,alee@terry-mason.net,8234085730,15250
604,Obrien-Lopez,Catering,jordancatherine@jordan.com,7288171148,15251
605,"Brown, Stafford and Buchanan",Photography,"Brown, Stafford and Buchanan@exemple.com",1337386238,15252
606,Nelson-Snyder,Decoration,thomascarter@evans.com,7602284839,15253
607,Rhodes Ltd,Venue,fallen@christensen.org,6015186328,15254
608,"Rose, Yang and Benson",Catering,nicholas31@smith-brown.com,4958292629,15255
609,Gonzalez-Curry,Catering,lmartin@peterson-stephens.com,7838335567,15256
610,Rogers-Jones,Catering,christian26@jimenez.com,1426692736,15257
611,Hays and Sons,Decoration,elizabeth06@sandoval.biz,9186540194,15258
612,Williams Group,Catering,antoniosmith@brown.com,7559648612,15259
613,Benitez-Rogers,Photography,Benitez-Rogers@exemple.com,9315010107,15260
614,Lopez Inc,Venue,Lopez Inc@exemple.com,0012738690,15261
615,"Romero, Campbell and Carroll",DJ,frice@kelly.biz,2624196928,15262
616,"Martin, Valencia and James",Photography,navarrojohn@weiss.com,3457759783,15263
617,Gibson-Leach,DJ,sweeneymelvin@baker-mitchell.com,7836065020,15264
618,Frye-Flynn,Photography,dawngross@parker-wright.net,9468021706,15265
619,Hanson Ltd,Photography,angela90@adams-robinson.com,0014169428,15266
620,"Huffman, Thomas and King",Venue,jonathanjones@carroll.info,1539473597,15267
621,"Barnes, Hunter and Lopez",Decoration,hproctor@hughes-sanchez.org,1733899630,15268
622,Anderson and Sons,DJ,christopher52@fisher-smith.com,9227633060,15269
623,Johns LLC,DJ,smcguire@smith-hawkins.net,6815584845,15270
624,Boyle Ltd,Venue,susan30@morris.org,8638393016,15271
625,Morales LLC,Photography,kathrynmartinez@gonzalez-hammond.com,3054928736,15272
626,King Ltd,Venue,richardbanks@fletcher.com,9527347216,15273
627,"Richard, Burke and Moore",Decoration,omccarthy@clark.org,1371983746,15274
628,Graham-Campbell,Decoration,newtonjoseph@bradley.com,2422838122,15275
629,"Lewis, Smith and Simmons",Decoration,tduke@dillon.com,1755953358,15276
630,Lutz Inc,Decoration,dmoore@powers-ritter.com,4928071818,15277
631,"Salinas, Walton and Johnson",Catering,kennedyrobert@gonzalez.com,9578297040,15278
632,"Soto, Williamson and Butler",Photography,lauradavidson@hess.com,0013582431,15279
633,Smith Inc,Catering,dorothycantu@vargas.biz,1821897999,15280
634,Martinez-Brandt,DJ,hroth@joyce.com,9494794187,15281
635,Owens-Johnson,DJ,Owens-Johnson@exemple.com,4236444482,15282
636,Copeland-Lopez,Venue,jeremyanderson@roberts-allen.com,1761866772,15283
637,Strong LLC,Decoration,zoneill@leon.com,2447577396,15284
638,Savage-Marquez,Photography,gregoryklein@adkins.com,2315542363,15285
639,Wilson Inc,Catering,joshua56@mosley.com,8017865645,15286
640,Guzman-Simmons,Decoration,lisa61@hansen-huang.biz,6063764056,15287
641,Harris Ltd,Catering,escobarkimberly@mejia.info,7212926824,15288
642,Prince-Jones,Venue,jamiegomez@castro.biz,4776392377,15289
643,Sawyer PLC,Decoration,Sawyer PLC@exemple.com,3768740072,15290
644,Frazier-Barker,Catering,nataliehuerta@spencer.com,6032420383,15291
645,Miller and Sons,Catering,kelleybrent@hernandez.biz,0014287497,15292
646,Cummings-Smith,Venue,wrightmichael@flores.info,5695792774,15293
647,Marquez Group,Catering,carterjessica@hernandez.com,3762613403,15294
648,Peters-Foster,Venue,Peters-Foster@exemple.com,3062444237,15295
649,"Schaefer, Dennis and Williams",Catering,evannixon@larson.com,3194724788,15296
650,"Williams, Bates and Warren",Venue,jdalton@barker-dunn.com,6695184147,15297
651,Morris-Black,DJ,umoore@wilson.com,5772977455,15298
652,Powell-Robinson,Venue,kristina49@riley-huynh.info,8947533996,15299
653,Thomas-Barnes,Decoration,betty19@miller.net,3227531551,15300
654,Williams-Bautista,Decoration,ecooper@harris.org,8763346624,15301
655,"Garrett, Baker and Garcia",DJ,"Garrett, Baker and Garcia@exemple.com",5818450832,15302
656,"Sims, Oliver and Olsen",Venue,john26@young.com,7174884340,15303
657,"Elliott, Tran and Miller",DJ,kellyvalerie@olson.com,0019373718,15304
658,"Swanson, Mcintyre and Brown",Catering,oscar89@garza.info,4445108605,15305
659,"Evans, Love and Wilson",Photography,pstout@cardenas.biz,3679199267,15306
660,Wilson Ltd,Venue,omitchell@jackson-bennett.com,0016512416,15307
661,Young-Brown,Venue,tyler99@davis.com,1367608707,15308
662,"Jenkins, Sullivan and Pope",Decoration,bruce48@anthony.info,8615629216,15309
663,Smith-Jones,Photography,karenrodriguez@garcia.biz,2787750516,15310
664,Price-Watson,Decoration,qharrison@cruz-williams.net,6014776507,15311
665,"Strickland, Hernandez and Davis",Venue,"Strickland, Hernandez and Davis@exemple.com",1280741263,15312
666,Mendez-Manning,Venue,elizabethli@williams.com,9674913299,15313
667,"Bailey, Arellano and Medina",DJ,"Bailey, Arellano and Medina@exemple.com",1759574645,15314
668,Price-Reyes,Photography,tthompson@davis.info,4359539664,15315
669,"Peterson, Howard and Ochoa",Decoration,ronald91@bowman.com,1879693159,15316
670,"Mccoy, Carr and Garcia",Venue,"Mccoy, Carr and Garcia@exemple.com",7723309109,15317
671,Brown LLC,Venue,nguyenpatricia@ford.biz,8539777134,15318
672,Dorsey-Conway,DJ,fdavis@mcdonald-ponce.com,0016402472,15319
673,Smith PLC,Venue,xkeller@fuller-frank.com,8827736882,15320
674,Cole-Fisher,DJ,henrylucas@rivera.biz,1614604461,15321
675,Olson Group,Venue,xherrera@bishop.com,3185408294,15322
676,Martinez-Carter,Catering,Martinez-Carter@exemple.com,8522714108,15323
677,Swanson Inc,DJ,dholland@lowe.com,1947654916,15324
678,Mccormick LLC,DJ,brendanperkins@love-villarreal.com,1600248529,15325
679,Simpson Ltd,Decoration,hernandezanthony@harrison-riley.com,6433612914,15326
680,Mullins and Sons,DJ,bjackson@martin-smith.com,3292276725,15327
681,Dudley and Sons,Venue,caleb53@schultz.com,1506875779,15328
682,Hogan-Haney,Catering,amy47@baxter-pena.com,1483422883,15329
683,Owen-Sanchez,Catering,pbrooks@chapman-williams.com,8134149943,15330
684,Miles Group,DJ,nancyjacobson@clark-larson.com,5694335256,15331
685,Thomas PLC,Decoration,stevensbrett@daniels.com,5824611145,15332
686,Vasquez PLC,DJ,ruizgabriel@johnson-castaneda.biz,3788414956,15333
687,Ross-Schneider,Venue,ljimenez@jimenez.com,8614152770,15334
688,Riddle-Wolfe,DJ,corey09@rogers.net,8527318586,15335
689,"West, Martinez and Gardner",Decoration,david97@moore-monroe.com,4584032666,15336
690,Callahan PLC,DJ,Callahan PLC@exemple.com,6379080129,15337
691,"Barrett, Gillespie and Simon",Venue,imclaughlin@obrien.com,2598486757,15338
692,Roman Group,DJ,jameslyons@davidson.org,4604277217,15339
693,Bryant-Palmer,Venue,kingemily@baldwin.com,4352726728,15340
694,Foster-Norris,DJ,smithpatrick@jones.com,7335664764,15341
695,Vasquez Group,Catering,Vasquez Group@exemple.com,1416837579,15342
696,Brown-Flowers,Venue,zhughes@smith.com,3912277227,15343
697,Bowman LLC,Photography,adriennerussell@davis.com,3636507489,15344
698,Williams-Freeman,Decoration,jason67@peterson-fisher.com,6862331906,15345
699,Miller-Chambers,Catering,Miller-Chambers@exemple.com,1427929926,15346
700,Bauer-Evans,Venue,freemankimberly@miles.com,5852353084,15347
701,"Clayton, Cruz and Robinson",Decoration,amber73@baker.com,6309274273,15348
702,Carson Inc,Venue,marksmith@vasquez-dawson.org,7314306396,15349
703,Garcia PLC,Decoration,bduke@glover.com,0017362206,15350
704,Davis-Shannon,Venue,carlos87@watts.org,2753036295,15351
705,Farrell Ltd,Photography,annamorrow@moore-franklin.com,0012328533,15352
706,Davis and Sons,Catering,tyronegreen@michael.biz,6005650970,15353
707,Rivera-Kent,Decoration,anthony12@kirby.com,1841740081,15354
708,Hicks-Mcfarland,Venue,holdenralph@oconnell-hale.net,6029361336,15355
709,Taylor and Sons,Decoration,rileyyates@dougherty.com,6359167748,15356
710,Mata-Shaw,Decoration,aeaton@lee-thompson.info,7867717275,15357
711,Carter-Newton,Catering,caroline31@ramsey.biz,1976719302,15358
712,Anderson and Sons,Catering,kleinjoshua@kline-bentley.org,8726032352,15359
713,"Ho, Mullins and Crawford",DJ,yolandalopez@morales.org,3588004761,15360
714,"Blevins, Chandler and Scott",Venue,"Blevins, Chandler and Scott@exemple.com",5019759396,15361
715,Smith PLC,Photography,colemangregory@fleming.net,3197344421,15362
716,Bradford PLC,Photography,cassandramcdowell@rush-brady.com,1346778963,15363
717,Gordon-Bates,Decoration,robertsonjoshua@morales.com,5549296550,15364
718,Martin LLC,Photography,alexander28@mendoza-smith.net,1402754132,15365
719,"Martin, Barron and Elliott",Venue,dgordon@wagner-hernandez.com,8765637231,15366
720,Gonzalez-Rubio,Decoration,Gonzalez-Rubio@exemple.com,2192323435,15367
721,Luna-Huang,Decoration,chasegomez@allen.info,0013319122,15368
722,Austin-Cortez,Photography,patkinson@rogers-woods.biz,1247460198,15369
723,Marsh PLC,Decoration,thomasthompson@mathews-kelly.com,3185155448,15370
724,"Green, Campos and Davis",Venue,jonesjeremy@berry-thompson.com,0016805931,15371
725,"Weeks, Gutierrez and Hughes",Catering,ucampbell@allison.org,1507535531,15372
726,Price-Carrillo,DJ,zclements@smith.com,6638669023,15373
727,Baldwin-Wu,DJ,martinlawrence@figueroa-clark.info,2048334056,15374
728,Hernandez-Pace,Catering,derek79@martinez.com,9978625281,15375
729,"Campbell, Perkins and Hardin",DJ,diane25@martin.com,0018058519,15376
730,"Weber, Mcdaniel and Meyer",Decoration,michelle94@harper.com,9328907809,15377
731,Bailey and Sons,Photography,Bailey and Sons@exemple.com,1563761353,15378
732,Mcbride Inc,DJ,daniel07@williamson.com,9584390703,15379
733,Hutchinson-Larson,Decoration,usullivan@love-herman.com,0018153984,15380
734,Leonard-Kennedy,Photography,taylorwood@blake.com,1548533095,15381
735,"Orr, Martinez and Smith",Venue,amy43@mueller.com,1267370184,15382
736,"Brooks, Bernard and Stokes",Venue,carla18@king-ruiz.com,5659305166,15383
737,Romero Group,Decoration,Romero Group@exemple.com,1359201113,15384
738,"Mcdonald, Clark and May",Venue,lmora@espinoza.net,5954226103,15385
739,"Villegas, Santiago and Garner",Decoration,adamssarah@anderson.com,9309006673,15386
740,"Gonzalez, Mcclain and Roberts",Venue,victoriagomez@morris.com,1864752936,15387
741,"Tucker, Reynolds and Wright",Photography,susan11@gonzalez-taylor.com,3743943074,15388
742,Yu-Weber,DJ,jvaughn@cross.com,5048872417,15389
743,Barber-Hale,Venue,williamgarcia@carroll.net,8208184640,15390
744,"Evans, Thomas and Zavala",Venue,sethclark@rogers-hudson.net,2552524126,15391
745,Flores Ltd,Photography,richardgross@harris.com,2954706190,15392
746,"Dunlap, Landry and Rhodes",DJ,xgutierrez@moss-howard.com,9796869316,15393
747,Castro PLC,Catering,Castro PLC@exemple.com,4969900268,15394
748,Bell-Austin,DJ,alyssaphillips@lopez-villanueva.biz,6694057352,15395
749,Burgess Group,Decoration,psmith@taylor.com,4089737077,15396
750,Green Ltd,Venue,butleremily@sanchez-patterson.com,6878876991,15397
751,Lucas LLC,Venue,mayermary@brooks.com,0017697618,15398
752,Powell Group,Photography,hooverspencer@norman-miller.com,1749691885,15399
753,Warren PLC,Photography,allison70@collins.com,9837534803,15400
754,"Santiago, Martin and Pearson",Catering,johnsonraymond@morris.biz,6755784387,15401
755,"Moyer, Shields and Vasquez",DJ,colliermichelle@roberts-mcneil.biz,4905667761,15402
756,Christian-Hughes,Catering,john59@carroll-gonzales.com,6114229664,15403
757,"Lopez, Johnson and Webb",Decoration,daniel93@holland.com,0018029641,15404
758,Le-Harrison,DJ,laurenrodriguez@wiggins-baker.com,0016274659,15405
759,Anderson Group,Venue,melissa19@lane-walters.net,0013943059,15406
795,"Cunningham, Lambert and Mclaughlin",DJ,gregory84@thompson-fisher.biz,7235308291,15442
797,"Williams, Sexton and Owen",DJ,lfernandez@wood-figueroa.org,7383900708,15444
798,House PLC,Catering,david34@martin.com,8114242644,15445
799,Shepherd-Mays,Photography,xmoore@williams-armstrong.com,2246045758,15446
800,Boyd Inc,Catering,michellethompson@williams.com,0013464268,15447
760,Meyer PLC,Decoration,william43@harmon-ramos.com,5273034548,15407
761,Chase Group,Catering,jordanryan@gardner.org,1317797465,15408
762,"Gonzalez, Woods and Martin",Venue,collinsnicholas@parker.com,0015565037,15409
763,"Fox, Mcdaniel and Palmer",Venue,smithjacob@williams-moses.com,5578003029,15410
764,Morgan Inc,Venue,wbaker@larson-campbell.com,1335280988,15411
765,Walton-Bennett,Decoration,prodriguez@edwards.net,1408520570,15412
766,"Ramos, Clark and Sullivan",Catering,hoodmichael@walsh.com,4812618230,15413
767,"Baker, Perkins and Costa",DJ,jacksonconnie@gallagher.org,6133497728,15414
768,"Adkins, Rivera and Stevens",Photography,jennacarter@morrison.com,6214018006,15415
769,Sandoval Group,Catering,kimbrown@wilson.com,9218859179,15416
770,"Brown, Walsh and Mckay",Catering,tiffany82@juarez-stuart.com,8003491556,15417
771,"Scott, Chambers and Thompson",DJ,vmcgee@porter.net,9503390146,15418
772,Robinson-Gonzalez,DJ,cphillips@powell.com,9902554730,15419
773,Martin Ltd,DJ,cassandra16@sanchez.com,1509557827,15420
774,"Cobb, Adams and Stewart",Catering,smithtimothy@weber.com,4104186358,15421
775,"Martinez, Mayer and Davenport",Photography,howardskinner@mckenzie-mccarty.biz,4122083456,15422
776,Taylor Ltd,Decoration,dgordon@jefferson.com,0019324210,15423
777,"Byrd, Marks and Wilson",Photography,frenchkristen@washington-bryant.info,4258353663,15424
778,"Chase, Harris and Dixon",Photography,montoyajennifer@booker.com,3929707055,15425
779,"Carson, Arnold and Gomez",Decoration,uolsen@hunter.com,5239028185,15426
780,"Owen, Watts and Rhodes",Venue,grayjames@cox.biz,0019848578,15427
781,"Wright, West and Joseph",Photography,"Wright, West and Joseph@exemple.com",0015509530,15428
782,Hill Inc,Photography,reeddavid@daugherty-allen.com,9038724743,15429
783,"Brown, Hernandez and Smith",Photography,rachel39@young-powers.biz,5874158463,15430
784,"Peters, Lozano and Lyons",DJ,ryan64@gallegos-peterson.info,0014333758,15431
785,"Taylor, Fleming and Brown",Catering,rgreen@cruz.net,1430973112,15432
786,Harris-Aguirre,Decoration,cjoyce@perkins.net,0017863298,15433
787,Williams-Castaneda,Photography,michellewatkins@stewart.org,6787306135,15434
788,Flores-Phillips,DJ,sroberts@miller.com,1471704709,15435
789,"Smith, Ellison and Patton",Venue,johnsonamanda@payne.com,5923224826,15436
790,Kim PLC,Venue,jennifer60@miller-brown.com,7752399561,15437
791,Garcia Group,Venue,baxterjacqueline@wolfe-brown.com,0014882240,15438
792,"Brown, Riley and Everett",Decoration,jason72@barrett.biz,1227857612,15439
793,Andrews LLC,Venue,petersonshannon@carter.com,9545793990,15440
794,Sanchez-Hernandez,Photography,williamssusan@gibson.com,4058537213,15441
796,"Norman, Daniels and Ramos",Catering,edwardblack@jensen.biz,2415951307,15443
