id_reservation,reservation_sk,service_sk,event_sk,complaint_sk,beneficiary_sk,provider_sk,subcategory_sk,date_sk,localisation_sk,budget,rating,price,marketing_spend,new_beneficiaries,visitors,reservations
14,700,16515,7604,2049,1143,15315,17952,20220800,2,0,5,2033,20156,822,4392,270
10000,1010,15891,10250,1926,2091,14729,17953,50,38,25360,5,1793,9827,794,6433,300
10004,1014,15464,10458,821,3974,14682,17951,80,8,51040,5,5201,29203,1286,13755,300
10010,1020,15662,486,1451,3058,15237,17954,95,14,6691,4,639,16348,1006,12905,300
10011,1021,16946,7706,1704,3562,14973,17953,88,17,8503,4,2748,20630,1293,12059,300
10015,1025,15770,10923,1268,2006,14809,17953,98,35,20173,4,2896,21964,1224,16940,300
10016,1026,16029,6264,2228,5000,14977,17954,78,9,10494,5,1453,15168,1136,10164,300
10017,1027,16923,7141,1353,3673,14795,17952,72,29,27634,5,5724,62581,1982,13424,300
10020,1030,17488,11698,846,2014,14658,17953,62,25,22852,5,1655,22735,1010,11235,300
10021,1031,17861,7682,1920,1304,15315,17952,87,3,44239,4,5292,26234,1500,14084,300
10023,1033,15831,10907,2178,1025,14750,17951,100,13,63467,4,8466,37140,1567,15603,300
10037,1047,16112,1619,1334,361,14824,17953,97,3,19658,4,2732,9622,1140,17052,300
10038,1048,17530,5790,1749,2194,15021,17954,15,42,11270,4,3454,10756,707,5493,300
10040,1050,16317,9661,1297,59,14750,17953,76,11,33128,5,3769,25790,1440,13345,300
10043,1053,17834,2246,1667,2877,15035,17954,42,8,11153,5,2808,16408,946,8272,300
10046,1056,15915,6952,166,467,15315,17953,46,10,30544,4,3801,8269,557,8597,300
10058,1068,16781,2446,967,303,15363,17951,60,17,49615,5,3622,40596,1344,8443,300
10060,1070,17657,3358,1498,3345,15212,17953,62,2,16759,4,3731,31485,1277,12079,300
10065,1075,17136,10259,2440,4344,15310,17951,69,22,50738,4,4937,17626,1129,9316,300
10069,1079,15765,3906,1382,4907,14972,17954,97,32,10321,4,1180,10233,1021,16934,300
10070,1080,17305,6454,1375,2784,14765,17954,40,10,7034,4,2117,9610,808,5988,300
10072,1082,17048,9922,696,3793,15147,17953,94,39,27692,5,1025,5150,714,15852,300
10075,1085,17860,10788,848,1209,15143,17952,98,28,31732,4,4799,63094,1982,16976,300
10078,1088,17581,7752,402,4928,14815,17953,95,40,28969,4,3350,24996,1189,17018,300
10081,1091,15806,7424,618,1471,15188,17951,94,15,34894,5,5781,47033,1823,15966,300
10089,1099,16613,3491,981,778,15196,17953,53,47,34425,4,2284,20248,1122,8976,300
10093,1103,17051,8796,2146,180,14973,17952,75,29,32471,5,4433,38536,1425,9527,300
10095,1105,17768,4956,1700,1996,15196,17953,89,11,26334,5,3600,17527,1221,12389,300
10096,1106,17056,1486,2511,4944,14787,17953,98,41,29921,4,4081,23238,1425,15601,300
10104,1114,17504,10448,2535,663,15196,17951,85,40,50165,4,5520,26577,1531,13932,300
10113,1123,17347,6796,1311,3395,14803,17954,99,13,15030,5,2892,3465,855,13632,300
10117,1127,15743,11584,2229,4047,14729,17953,99,33,15681,4,3695,23494,1216,14473,300
10119,1129,17534,3690,301,1402,15306,17953,96,18,32286,4,4101,36659,1446,13780,300
10137,1147,15590,10469,2301,4669,15266,17952,98,27,11467,5,1610,12393,1134,16950,300
10139,1149,17505,9759,443,4390,15210,17953,100,19,26799,5,2671,28032,1560,15797,300
10140,1150,17792,8011,2294,4566,14977,17952,62,4,44117,4,4772,47613,1862,12136,300
10145,1155,16260,3192,504,1600,14824,17954,99,31,17222,4,3052,17215,1125,13431,300
10150,1160,15560,11488,426,4118,15044,17954,76,28,10400,4,2612,10877,1102,10507,300
10153,1163,16766,3181,852,1866,15415,17954,66,43,17668,4,3152,21237,1109,9381,300
10154,1164,15886,11459,779,3249,15210,17951,86,37,43137,4,4129,58949,1982,12986,300
10162,1172,15840,5099,890,3734,14882,17954,38,37,12914,5,2951,7852,810,4901,300
10172,1182,15850,7973,735,4912,15058,17953,67,35,13940,4,4415,30758,1301,12893,300
10176,1186,15841,3220,489,3309,15212,17954,53,39,15999,4,3996,18840,802,7792,300
10178,1188,16348,9297,12,2962,15188,17953,81,12,26101,4,1591,39110,1601,13477,300
10181,1191,16250,5909,1718,2640,15310,17953,97,13,23594,4,2537,35948,1571,14894,300
10182,1192,17754,6195,154,2186,14718,17954,94,32,7685,4,1826,7695,1048,12398,300
10201,1211,15915,8844,546,344,15087,17951,95,43,25276,5,1667,6073,745,14425,300
10206,1216,16258,8175,1034,2301,15118,17951,89,31,50913,5,8769,40517,1832,11441,300
10212,1222,16717,11649,2015,3804,14746,17951,49,41,53934,5,3397,47578,1465,9354,300
10217,1227,16168,6590,2371,571,14992,17951,97,7,64917,4,7315,29243,1530,17159,300
10218,1228,16760,2283,1489,4817,14821,17954,96,5,21505,4,1142,5374,869,13718,300
10219,1229,15899,5616,1744,1831,15240,17953,91,47,18740,4,2993,17586,1328,12167,300
10221,1231,16474,5797,2070,1979,14909,17951,98,12,8087,4,2298,9535,1084,13951,300
10223,1233,15455,11581,223,3757,14803,17952,68,6,14655,4,1996,13773,893,10494,300
10225,1235,17498,8910,108,3343,15239,17954,80,27,12015,5,2358,8459,1032,11049,300
10228,1238,15738,638,482,2386,14926,17953,82,6,30506,5,4931,19575,1249,10769,300
10233,1243,16666,9895,2408,2928,15441,17952,12,3,52231,4,8706,51004,1715,2821,238
10235,1245,17628,4235,421,3037,15240,17954,97,48,20129,4,1303,19109,1114,14482,300
10249,1259,17469,10123,708,192,15415,17953,73,14,23574,4,4441,32217,1453,10887,300
10262,1272,16181,6460,2139,952,15110,17951,96,10,63179,4,6394,39086,1612,17094,300
10266,1276,17467,3019,930,4727,14937,17952,75,35,46865,5,5684,25486,1421,10996,300
10276,1286,16910,3802,1559,4435,14964,17954,99,15,7452,5,2210,15147,1054,13360,300
10291,1301,16693,278,1216,2328,14857,17952,88,19,20525,4,2889,12112,922,15258,300
10306,1316,16199,5492,782,1077,15107,17951,95,23,52030,4,3256,58479,1982,16369,300
10312,1322,16663,8082,776,2708,15388,17953,95,27,38272,5,4527,27532,1563,16257,300
10325,1335,17502,5339,401,803,15185,17954,94,31,15887,5,1893,8983,862,12626,300
10326,1336,16686,9949,913,962,14798,17952,81,33,8108,5,3018,7316,836,12641,300
10331,1341,17167,28,2223,4997,14909,17952,87,19,52446,5,8133,44505,1712,11349,300
10332,1342,17093,5388,442,4863,15400,17951,97,38,25539,4,5763,53224,1952,17467,300
10337,1347,17637,6972,1367,4702,14787,17953,95,13,11428,5,1576,14064,1065,13797,300
10344,1354,17538,4602,701,4965,14964,17951,83,23,59463,4,5536,52710,1858,11408,300
10345,1355,15838,1707,2073,2238,15089,17954,78,5,15848,5,1300,6480,931,13957,300
10346,1356,15745,9969,1055,4026,14979,17953,43,5,28070,4,3691,32127,1402,8445,300
10347,1357,17816,10197,893,4427,15424,17953,66,28,17159,5,2266,5938,823,12022,300
10349,1359,17027,9131,1756,4409,15069,17954,31,14,18264,5,3241,18628,1009,3136,265
10356,1366,17381,10176,449,1824,15279,17953,75,44,17064,5,1926,16835,1191,11916,300
10365,1375,15470,2149,2416,4120,14795,17954,84,8,11804,4,2901,17814,1274,14992,300
10369,1379,15854,7278,1835,347,14821,17954,84,30,10617,5,1241,3189,725,13573,300
10371,1381,16103,10989,1162,582,14926,17954,96,25,10309,4,877,12827,919,15377,300
10372,1382,16937,5574,767,1716,15186,17951,70,20,41186,5,7478,37050,1660,12611,300
10377,1387,16293,6685,1992,1857,15446,17954,85,4,21742,5,1608,19741,1204,14362,300
10378,1388,15592,11506,1490,2264,15363,17952,93,7,44798,5,8569,49785,1982,14258,300
10380,1390,16501,8711,265,331,15369,17953,65,4,30350,4,3357,25382,1165,11098,300
10383,1393,17170,9745,2376,1828,15237,17953,91,32,16252,4,2327,8434,900,13572,300
10387,1397,16485,7209,2334,3511,14734,17951,53,32,25907,4,6975,54503,1814,9213,300
10396,1406,17490,9088,2250,2022,14979,17954,69,25,6272,4,2530,11783,1080,10136,300
10401,1411,16172,2360,1284,483,14971,17953,66,38,37365,4,4112,16519,1175,10772,300
10402,1412,16725,295,2101,2582,15428,17951,88,24,31692,5,8134,25873,1497,12068,300
10407,1417,17512,618,865,1392,15352,17951,93,32,32491,5,7678,28114,1605,15434,300
10408,1418,16207,9927,1942,847,14852,17953,94,44,11992,5,3444,8875,1027,16602,300
10417,1427,17716,11362,1417,2161,15422,17954,95,5,5338,4,1480,10837,1162,15157,300
10420,1430,15722,10110,218,1895,15399,17952,93,21,58128,4,4515,23951,1230,15712,300
10423,1433,16545,3692,1295,2736,14682,17952,100,43,26671,4,6717,45898,1982,15041,300
10431,1441,17330,1637,409,4949,15044,17953,98,37,15454,4,1327,20224,1115,16978,300
10437,1447,15712,2000,820,363,15209,17953,99,15,26252,5,3447,14161,1001,12974,300
10440,1450,15990,4349,2329,3194,15352,17952,29,24,35504,4,7472,46519,1377,3520,300
10442,1452,17445,2207,1853,2020,15049,17951,88,17,25996,5,3214,24872,1419,15234,300
10458,1468,16727,8649,2441,1009,15003,17951,60,12,38069,4,3157,39082,1549,8631,300
10470,1480,16044,4712,288,4127,15425,17953,80,43,21920,5,2668,33945,1599,13660,300
10479,1489,15696,7552,2493,3718,15181,17954,98,32,14006,5,990,16843,1136,13773,300
10490,1500,15913,11723,439,4637,15110,17952,50,25,17697,4,1230,14425,1038,7903,300
10494,1504,16988,4969,2283,3438,14976,17951,94,29,53947,4,4636,43385,1644,16712,300
10496,1506,17717,8922,2082,1401,14879,17954,92,22,27599,4,3508,7853,796,12750,300
10520,1530,17097,1408,1102,3851,14815,17951,76,20,29802,4,3097,17263,1107,12287,300
10545,1555,16637,8924,429,2457,15272,17954,79,13,14851,4,811,5566,793,13163,300
10554,1564,16920,8327,1483,912,15107,17953,100,10,32018,5,3881,29444,1538,14579,300
10558,1568,17902,6929,1551,3995,14971,17952,95,33,46956,5,5519,43250,1599,12720,300
10559,1569,17491,2034,1995,1196,14941,17953,97,24,33861,5,2152,22592,1390,12966,300
10562,1572,17027,7602,332,907,15428,17954,25,15,12793,5,514,3810,680,4339,300
10565,1575,15959,838,431,4446,14821,17952,95,31,52134,5,4054,29365,1263,15667,300
10571,1581,17240,8622,1697,4087,14941,17952,91,12,40946,4,7914,44215,1786,13000,300
10589,1599,15844,1344,1818,27,14709,17952,94,6,45035,4,5984,25680,1345,13103,300
10595,1605,16999,9104,2327,4700,14734,17951,27,32,39061,4,8975,60743,1830,3572,300
10606,1616,16823,2193,1392,639,14661,17953,90,30,23629,4,3927,25743,1268,12031,300
10611,1621,16673,8224,2200,55,15344,17951,98,39,46848,5,5607,45263,1891,16023,300
10615,1625,16314,8516,324,2874,15064,17953,98,14,25877,5,3413,29127,1642,13945,300
10647,1657,17730,2531,2144,2604,14661,17953,69,24,32769,5,4988,25359,1240,9801,300
10652,1662,16366,4826,1156,1121,14682,17953,72,2,38175,4,4444,31068,1554,10624,300
10659,1669,15560,9820,661,3575,14653,17951,84,29,27076,5,7995,57898,1982,13017,300
10662,1672,16052,9449,2494,4196,15102,17952,88,36,8379,4,3257,5000,1027,15051,300
10665,1675,15583,8186,487,2656,14976,17953,64,46,26171,4,4178,9865,956,9070,300
10668,1678,17319,938,456,2142,15260,17953,54,44,39798,4,2514,37087,1615,9138,300
10670,1680,17125,5299,1620,1639,15239,17953,75,25,19779,5,3560,35018,1425,13824,300
10683,1693,17847,5265,1837,4501,15279,17953,96,15,20140,5,3152,11049,1122,16114,300
10685,1695,17329,1377,561,637,14802,17951,89,39,31164,5,4312,35629,1702,16253,300
10689,1699,17595,8396,1323,4512,15003,17951,32,40,40153,4,7620,37110,1207,4721,300
10690,1700,16747,2456,1398,468,15035,17953,78,27,15015,5,2133,15624,1051,10357,300
10700,1710,15918,4636,177,4720,14972,17952,65,12,26622,5,5929,64755,1982,10940,300
10702,1712,17535,1713,1345,873,15263,17952,57,43,56728,5,7604,50674,1898,8430,300
10705,1715,16628,4004,616,3736,15285,17951,96,6,21766,5,1940,15880,1262,12950,300
10715,1725,16681,2748,1891,2002,15252,17952,54,20,38895,4,7768,42090,1528,10624,300
10720,1730,17438,4407,990,2498,15107,17954,97,19,23234,5,2505,24564,1389,13541,300
10721,1731,16172,7098,1335,1706,14709,17952,88,18,63037,5,4545,41133,1656,13721,300
10733,1743,16654,360,1829,1526,14658,17951,92,6,35841,5,3543,16941,1000,12277,300
10735,1745,15905,9456,1292,4705,15199,17953,97,16,17339,5,1985,23302,1355,15773,300
10738,1748,16215,11256,1213,2744,14926,17951,77,9,30574,4,6745,22090,1067,11084,300
10739,1749,17910,5477,1857,1432,15202,17954,100,25,15532,4,671,6931,802,14254,300
10742,1752,17931,2197,448,4014,14680,17952,89,8,60210,5,8216,64540,1982,12938,300
10754,1764,15501,10950,1097,4838,15110,17954,96,18,16799,5,1310,9847,1083,15558,300
10762,1772,16308,6416,2537,3818,15107,17952,83,10,29806,4,8716,39368,1789,12475,300
10768,1778,15503,6501,1563,3825,14727,17953,72,44,28158,4,2423,35271,1461,11469,300
10774,1784,16353,10188,1794,4165,15306,17954,15,8,7471,5,1542,3017,356,3279,300
10784,1794,17510,8848,2536,1733,14746,17951,99,35,19224,5,2925,16674,1065,15589,300
10787,1797,17578,5285,2476,118,15194,17953,81,15,26344,5,3144,8725,885,14051,300
10788,1798,15826,6436,1299,504,14971,17952,79,9,11871,4,1714,20623,1056,13119,300
10789,1799,15951,6048,425,135,15365,17951,91,33,48513,5,7444,45499,1964,16418,300
10793,1803,15924,4012,383,1307,15044,17954,49,13,26348,5,2792,17483,1064,7769,300
10811,1821,15496,828,24,2790,15009,17952,91,47,9425,4,3125,9839,987,13137,300
10816,1826,15552,9804,794,615,15422,17953,70,19,12254,4,3449,16443,1109,11746,300
10817,1827,15860,5103,2174,4089,15071,17952,88,13,30825,4,3449,63760,1982,12860,300
10824,1834,15448,2731,1939,3109,15192,17954,59,43,10399,5,1884,11230,1008,10021,300
10826,1836,17469,3509,1546,4809,15279,17954,94,16,5175,5,535,4028,1025,16393,300
10832,1842,17269,9287,410,3503,14887,17952,60,33,43477,5,5649,32240,1390,7730,300
10834,1844,16965,8605,2528,1392,14809,17954,83,9,6574,4,2905,7310,691,14793,300
10836,1846,16732,532,589,3774,15202,17953,82,46,15696,4,1530,18338,1197,14937,300
10842,1852,17122,6284,1379,2171,15381,17953,97,33,10016,4,3878,14860,1054,14825,300
10846,1856,17278,11509,746,2357,14973,17953,79,27,39234,4,3222,34930,1660,11205,300
10850,1860,16435,6720,2303,3310,15209,17951,77,40,51220,4,8204,30226,1415,12190,300
10854,1864,17543,1266,2215,1625,14815,17952,92,47,34460,5,6698,44127,1751,15135,300
10857,1867,17009,7643,1371,4575,14825,17951,99,27,46599,5,7347,47199,1688,14448,300
10858,1868,15720,11962,1464,62,15146,17951,36,2,60477,4,6464,28956,1301,6894,300
10860,1870,17160,9302,378,739,15239,17954,74,26,15989,4,1444,10380,1099,9699,300
10866,1876,16276,2141,1429,4950,15424,17951,88,38,27678,5,6995,38599,1610,14675,300
10867,1877,16748,2865,1999,1213,15265,17952,66,16,47905,4,7024,34678,1245,10233,300
10875,1885,17916,10885,864,995,14937,17954,100,23,10520,4,2446,16322,1092,17238,300
10876,1886,16388,6320,1693,2797,14667,17954,73,28,13467,4,656,12242,811,10969,300
10879,1889,16066,8096,123,1050,15064,17952,100,35,44833,5,7871,60714,1982,15705,300
10880,1890,17632,7582,1862,1565,14941,17951,29,3,58588,5,4198,21975,1079,6162,300
10883,1893,17486,2592,644,1320,14697,17953,89,34,19020,5,3056,8056,1119,13861,300
10892,1902,17009,5511,173,2001,14887,17951,91,10,46753,4,3104,50360,1982,16665,300
10897,1907,17715,7572,1881,692,15279,17953,88,34,12781,5,4780,27920,1194,12381,300
10899,1909,16052,8660,1724,1458,14832,17951,92,7,61166,4,6028,29333,1294,15287,300
10900,1910,15854,5960,2413,677,15209,17952,63,37,25300,4,3921,22061,1123,7702,300
10901,1911,16605,85,2507,2051,14888,17953,86,13,18479,4,3775,21790,1233,11745,300
10908,1918,17463,9464,924,2196,14848,17951,41,6,49877,5,3417,18021,1112,8005,300
10914,1924,16755,7775,2177,2233,15344,17954,96,24,26685,4,1708,24288,1233,15972,300
10926,1936,16326,11521,1901,4014,14882,17952,66,4,18233,4,2031,15433,849,11530,300
10928,1938,16515,8180,2155,738,14909,17951,68,26,26637,4,5845,24859,1088,10993,300
10933,1943,15795,8216,1019,55,15021,17951,88,8,41546,4,7530,33183,1490,12900,300
10934,1944,16369,8761,469,2029,14882,17951,97,35,49851,5,4816,21357,1166,13170,300
10941,1951,15636,8141,2424,2418,14971,17954,98,35,9025,5,2546,3466,683,15914,300
10943,1953,16058,3955,125,397,15428,17953,83,39,14948,4,1582,14806,1171,13004,300
10945,1955,16974,3459,374,2064,14803,17951,88,45,45622,5,6942,36220,1469,14840,300
10960,1970,15697,8083,761,2911,15107,17951,99,28,44006,4,5807,47948,1955,13864,300
10973,1983,17897,3719,1815,4096,14825,17952,8,26,9828,4,1117,15403,767,3013,300
5,300,15808,3678,2432,2188,15335,17954,20220400,4,1249,4,3013,18688,1540,1240,28
11,600,15783,1911,1028,2097,14711,17951,20220700,2,35701,3,5606,5939,1269,1777,187
23,900,17532,5037,732,399,14961,17952,20221000,2,3688,4,5513,12054,496,517,258
10006,1016,16213,3288,1087,3582,15442,17953,95,4,17586,4,3943,26537,1442,15169,300
10007,1017,17924,6574,2184,2409,15302,17954,97,48,18459,3,1303,15739,1166,17119,300
10008,1018,15678,5663,1005,3780,15063,17952,95,7,55762,4,3535,37981,1843,16262,300
10014,1024,16013,10828,894,102,15405,17952,36,40,49356,3,8757,29302,1032,7098,300
10025,1035,17479,906,1688,1086,15174,17951,92,41,27434,4,3670,53246,1834,12194,300
10028,1038,15603,7086,1707,2856,15264,17951,91,35,20877,4,1161,20299,1314,14996,300
10029,1039,17431,7016,1909,1040,15281,17953,60,31,38121,4,1577,29703,1438,11556,300
10030,1040,17172,1886,509,4571,14846,17953,86,42,16779,3,3594,11782,906,13131,300
10034,1044,17731,7016,1356,618,15270,17953,90,18,28845,4,3350,6943,946,16266,300
10054,1064,17570,2082,459,847,15270,17951,65,37,56336,3,7220,45966,1633,9526,300
10057,1067,17019,7980,945,1813,14679,17952,75,8,46926,3,4004,57011,1982,13340,300
10061,1071,16896,9411,558,4579,15304,17951,79,5,25447,3,2165,18242,1130,13985,300
10062,1072,17202,128,832,517,15224,17953,39,27,13937,4,3851,9954,839,6986,300
10063,1073,16986,7094,1511,4402,15116,17953,47,9,36201,4,2086,30581,1205,9164,300
10066,1076,16855,4315,580,882,15101,17953,92,31,11658,4,1833,7450,925,12060,300
10067,1077,17840,3390,1073,4614,15444,17953,88,33,30420,4,1542,39030,1739,12759,300
10071,1081,16049,3308,1905,4924,15101,17954,78,34,24424,4,2439,17612,1250,12682,300
10074,1084,15689,6061,1360,2515,15131,17953,100,48,18429,4,4255,12815,1043,13217,300
10076,1086,17352,11996,2380,4058,15262,17951,88,41,41130,4,5021,55728,1912,15704,300
10077,1087,17185,8695,269,2090,15431,17953,75,34,10429,4,1185,12920,1156,12537,300
10080,1090,17167,3949,18,1731,15114,17951,70,22,38692,4,5751,24881,1170,11418,300
10082,1092,17307,2542,1795,2911,14725,17953,65,28,23375,4,4430,15821,1180,9615,300
10087,1097,16604,6354,802,1490,14830,17953,99,8,16302,3,4676,25688,1578,14808,300
10090,1100,15833,6093,1889,266,15166,17952,90,41,53097,4,7566,43441,1781,12250,300
10092,1102,17879,10049,1975,1550,15200,17953,59,15,22647,3,2666,11738,1028,10031,300
10094,1104,16032,11753,1786,1565,14744,17952,39,29,34680,4,8652,61132,1884,6123,300
10098,1108,16041,8071,1235,2548,14986,17952,80,39,60008,4,8359,15519,1143,12027,300
10099,1109,15858,6706,1240,1048,15187,17953,46,25,19522,4,1816,11343,809,7590,300
10100,1110,16490,6939,1141,4337,14934,17951,45,24,59196,3,3576,59648,1982,7182,300
10102,1112,15998,3988,2313,1883,14691,17952,98,16,45370,3,6736,29498,1592,13545,300
10109,1119,16873,1639,1592,1812,15129,17952,63,28,12805,3,1204,16158,840,8244,300
10120,1130,16525,2956,486,699,15059,17954,62,12,8540,4,1895,15208,938,8061,300
10127,1137,17414,5104,2065,2654,15393,17952,83,9,16902,3,3925,12618,968,13760,300
10135,1145,15646,6596,2423,1005,14828,17952,86,32,28727,4,1076,22798,1446,13429,300
10146,1156,15548,8744,1151,1870,14762,17954,90,28,8465,3,1867,3593,640,14701,300
10148,1158,16449,1300,747,3866,15191,17954,70,44,13827,4,2006,3662,536,10960,300
10152,1162,17385,3914,2373,2331,15331,17953,92,47,16670,3,3062,11110,1157,12692,300
10157,1167,16783,6793,1938,4555,15191,17952,84,28,60779,4,4751,59288,1982,14536,300
10160,1170,17391,4324,1860,4028,14844,17951,56,18,56057,4,5708,27492,1275,11183,300
10165,1175,16662,324,1714,96,14659,17951,90,16,44631,3,4887,20974,1167,12054,300
10167,1177,17677,6636,859,1171,14663,17951,91,19,25789,3,8978,16119,1036,12538,300
10179,1189,15619,2873,914,1085,15321,17954,89,7,7757,3,2581,12805,1160,12611,300
10180,1190,16059,3645,2077,2068,14725,17954,63,10,8933,3,981,6271,623,11508,300
10197,1207,15627,5267,2500,3953,15148,17952,88,43,31974,4,4568,47587,1699,14776,300
10204,1214,16627,2488,1385,1763,15304,17951,92,44,40250,3,7693,38194,1815,12941,300
10215,1225,16040,927,153,4777,14694,17951,83,38,12594,4,3239,13375,872,11136,300
10227,1237,16341,10727,946,2044,15043,17954,100,19,13783,3,2161,15086,993,14216,300
10230,1240,17038,9562,2226,3966,14663,17954,97,40,10197,4,2779,16197,1280,15146,300
10231,1241,16758,11395,564,4257,14813,17953,89,48,29003,4,3928,12133,885,14523,300
10234,1244,17260,9844,1767,2101,15324,17952,64,19,62745,4,5415,33253,1395,11304,300
10238,1248,17333,10372,2290,3715,15319,17954,37,27,13623,4,1483,4557,555,6155,300
10241,1251,16011,1685,1,4702,14868,17952,85,24,36245,3,3018,62115,1982,11751,300
10242,1252,17256,8228,2107,2735,14886,17953,80,43,33805,3,2174,36195,1725,10247,300
10254,1264,16236,10736,1462,3884,15435,17952,75,25,56266,4,4883,15760,1079,13870,300
10263,1273,17350,11799,935,3354,15389,17951,94,22,42643,3,7590,19455,1412,14976,300
10267,1277,17557,11773,1726,828,14830,17951,73,41,45939,4,3899,56667,1918,9666,300
10269,1279,17056,4570,1265,158,15333,17952,82,45,33064,3,8020,18562,994,14495,300
10277,1287,16996,3892,2471,955,15017,17952,99,20,31052,4,5237,16186,1022,15837,300
10278,1288,15954,4982,1077,2817,14934,17953,29,37,9627,4,3170,18849,932,5552,300
10285,1295,16895,4963,550,911,14700,17953,72,3,29324,4,4375,31069,1209,9116,300
10295,1305,16503,6588,1155,1780,15166,17953,95,41,30840,3,3225,21219,1220,12948,300
10297,1307,17800,9592,1966,1751,14694,17951,60,25,27269,4,5776,33240,1493,9222,300
10301,1311,17891,11035,263,281,15032,17951,98,39,56140,4,7786,54452,1917,12925,300
10310,1320,17185,4137,1071,3577,15219,17952,99,15,38095,4,7740,64059,1982,17533,300
10318,1328,17200,752,284,4741,15225,17954,93,12,9709,3,1904,8783,955,13196,300
10319,1329,17038,3883,1893,4251,15006,17953,74,12,30608,4,3437,31692,1287,11642,300
10320,1330,16015,7586,2517,4515,14776,17953,38,22,39717,3,1883,29865,1286,6239,300
10321,1331,16990,4680,411,3558,15059,17953,62,26,12200,3,1629,32310,1372,12054,300
10328,1338,15744,914,674,2694,15131,17952,75,10,38849,3,5445,21719,1095,14068,300
10333,1343,16151,5999,536,1363,15065,17953,86,6,21412,3,1772,8493,972,12699,300
10334,1344,17278,3112,1387,3485,14870,17951,99,42,42254,4,8173,44793,1982,13903,300
10339,1349,16379,7546,83,4502,15321,17951,27,2,29305,3,7371,33766,1204,5251,300
10340,1350,17164,8982,1142,4559,14731,17951,97,28,59584,4,7611,51862,1820,13964,300
10343,1353,17685,8860,1096,2430,15335,17953,86,29,27957,3,4689,21031,1319,13905,300
10351,1361,16301,4666,515,2190,15059,17952,69,26,28385,4,1648,15312,966,10303,300
10355,1365,16704,6115,103,574,15034,17954,93,7,8819,4,1494,8193,761,16505,300
10359,1369,17258,11414,1722,4169,15059,17953,93,2,12360,3,3590,39365,1621,15613,300
10364,1374,17314,8844,1473,3284,15243,17954,20,9,20801,3,1076,23584,823,2802,282
10367,1377,16765,7873,1193,2141,15333,17954,86,26,26940,3,3377,5405,838,11228,300
10368,1378,15482,8182,1976,414,14659,17953,84,7,9821,4,1304,14285,896,14877,300
10374,1384,16201,8453,2030,2521,14700,17951,99,29,43537,4,3579,27749,1405,17793,300
10379,1389,16072,2907,648,765,14886,17951,92,10,19843,4,1249,12613,979,13715,300
10381,1391,15731,97,2079,625,14953,17953,74,39,26873,4,4039,37607,1724,14166,300
10384,1394,17046,4772,2399,1679,15419,17953,79,14,19406,4,4187,10291,965,10598,300
10393,1403,16492,11025,2288,3494,15017,17954,26,45,12947,3,567,10134,625,6102,300
10398,1408,17744,1090,2422,1440,14700,17952,83,40,30444,4,4635,45704,1706,13169,300
10399,1409,17017,1410,2058,3910,15269,17953,17,9,15943,3,4170,14235,709,3334,300
10409,1419,16289,4320,1008,398,14731,17954,53,38,12103,4,2528,12947,1033,8081,300
10419,1429,16117,11727,619,4486,15324,17954,26,33,15260,3,1524,11622,793,3698,300
10424,1434,17607,5547,1291,2056,15435,17952,90,16,51980,3,8339,55344,1846,11645,300
10425,1435,17840,3295,2460,2129,15327,17954,46,11,20906,3,3776,18775,766,6980,300
10438,1448,17875,1419,2346,2417,15187,17952,99,19,29480,4,1595,14263,1227,14264,300
10439,1449,16470,8233,551,3029,15304,17953,86,33,20320,3,2620,10510,905,12403,300
10444,1454,17882,6195,2452,1894,15224,17954,95,2,10866,4,2156,6462,732,13896,300
10445,1455,17490,892,1015,474,14913,17954,77,20,5094,4,3000,3764,794,10491,300
10450,1460,15790,7450,29,4872,14738,17954,69,28,14027,4,1056,3417,560,9865,300
10460,1470,17304,5976,2035,3995,15115,17952,84,8,58578,3,5940,54358,1778,14224,300
10462,1472,15493,3511,906,3643,15262,17953,48,28,18007,3,3396,21587,1225,6977,300
10463,1473,15557,1535,182,3283,15339,17951,93,32,35639,3,5482,44123,1788,12649,300
10466,1476,17555,5498,2225,1735,14762,17953,73,47,39476,3,4010,36744,1639,10202,300
10468,1478,16134,2361,1515,600,15419,17951,84,32,28916,4,7980,60468,1982,12866,300
10481,1491,17104,11163,1024,254,15157,17953,78,17,24356,3,3610,39030,1393,10811,300
10482,1492,15517,1431,1757,4577,14777,17951,90,3,56389,4,8387,15634,1302,13895,300
10488,1498,16641,7073,1106,3779,15040,17951,93,22,52587,4,6148,17051,1276,16909,300
10495,1505,16185,4879,1121,4496,15327,17954,16,3,8755,3,1467,13671,601,3806,300
10498,1508,15512,4479,170,2850,14914,17953,87,17,15185,3,1054,12230,1154,13434,300
10501,1511,16371,8746,1844,3800,15264,17953,77,20,12294,4,4186,29796,1427,12090,300
10502,1512,17321,8826,1676,785,14846,17952,52,35,43686,3,3784,51944,1722,6161,300
10504,1514,17049,1,736,874,15103,17951,55,11,39825,3,7700,53989,1981,9056,300
10505,1515,16154,10860,171,2952,15335,17952,73,10,28335,3,5186,23125,1207,11915,300
10515,1525,15902,2689,1656,1368,15032,17951,53,12,46657,4,5383,21112,937,6826,300
10519,1529,16325,8487,1555,4073,14939,17952,99,34,60486,3,6405,43762,1923,14414,300
10529,1539,15693,3798,1581,3661,15325,17951,50,21,46899,3,3144,44297,1593,8623,300
10533,1543,15836,10432,2437,2565,14913,17953,86,18,21499,4,2603,11683,1112,11612,300
10536,1546,15714,1563,7,307,15065,17952,90,42,32412,3,4300,50274,1982,11991,300
10538,1548,16098,4600,1863,3498,15376,17951,73,37,62412,3,7171,25838,1175,11558,300
10540,1550,17649,9130,497,2918,15402,17953,89,29,19027,3,2287,36097,1421,12703,300
10544,1554,17931,3068,298,3920,14731,17951,78,35,31514,3,7054,54101,1827,11360,300
10546,1556,17322,5458,689,3243,14722,17951,91,36,14300,4,1470,15208,1273,16674,300
10547,1557,15771,8569,139,3731,15085,17952,90,19,22528,4,3342,16949,1305,12922,300
10552,1562,17551,1812,165,1332,14986,17951,48,7,34832,4,7680,41469,1666,8748,300
10568,1578,17907,1330,406,1219,14846,17951,99,31,35691,4,7194,22638,1491,16755,300
10572,1582,17328,9349,837,2058,15103,17951,85,15,43821,3,8118,25205,1280,11900,300
10573,1583,17708,8008,2186,4728,15435,17953,82,46,26285,4,4677,34287,1326,13905,300
10578,1588,15830,6712,1339,4934,14654,17952,100,18,33505,3,6044,41798,1757,17191,300
10583,1593,16355,4762,787,3783,14741,17953,85,40,13100,3,4571,34960,1460,15509,300
10587,1597,17621,1952,1681,1030,15187,17953,92,5,19038,3,2101,34347,1532,12807,300
10599,1609,16369,8285,983,2793,15245,17951,14,18,42021,3,5246,45320,1532,2078,281
10607,1617,16356,556,1868,3229,14774,17953,77,38,37627,3,3202,29360,1500,11856,300
10610,1620,16105,9559,1399,3025,14776,17953,58,33,18398,3,3127,16543,919,11382,300
10614,1624,17886,4910,1395,993,15017,17951,83,6,21351,3,1708,11040,904,13986,300
10617,1627,17381,10895,772,2933,14777,17953,84,5,33638,4,4068,8249,815,15525,300
10620,1630,15656,9849,1172,3626,15005,17952,91,29,47701,4,8316,39348,1573,12830,300
10631,1641,15789,8026,1293,615,14844,17951,68,12,50013,4,7131,38361,1707,10899,300
10637,1647,16557,1489,2398,2803,15238,17953,70,29,37639,4,4428,29025,1398,9494,300
10638,1648,16161,554,1189,4741,15048,17952,71,44,26234,3,8739,18945,1285,8868,300
10641,1651,15671,11042,1963,4690,14868,17952,88,19,46111,3,5717,61268,1982,12011,300
10650,1660,17889,11765,2104,1430,14913,17954,84,24,9215,3,2080,13754,862,12868,300
10656,1666,16602,3386,897,2781,15395,17953,70,25,13337,4,4895,31371,1348,13054,300
10661,1671,16637,2109,2333,4778,14939,17952,100,12,56766,3,8052,46560,1723,13918,300
10671,1681,16481,10694,2472,2666,14934,17954,89,29,22039,4,2007,13419,1145,15178,300
10674,1684,16475,5498,1903,57,14813,17951,93,38,14644,4,3466,11154,1192,14766,300
10675,1685,16771,8651,1523,297,15174,17952,93,32,36389,4,4992,20492,1327,15541,300
10679,1689,17651,7261,626,1762,14804,17952,92,34,14943,4,3288,20598,1245,15394,300
10686,1696,16144,1536,473,4712,15200,17953,94,38,19701,4,4860,25850,1405,12245,300
10687,1697,16404,6300,450,1755,14893,17951,77,35,59504,4,8677,58704,1982,11015,300
10688,1698,17091,1086,1164,2763,14744,17953,80,43,23521,4,2716,22976,1211,12601,300
10693,1703,16626,11818,2389,3485,15321,17952,87,27,20211,4,1943,8592,966,13746,300
10694,1704,16335,11671,2113,1427,15393,17954,60,22,26983,4,2693,17792,889,10256,300
10706,1716,16641,7581,691,2585,14885,17953,69,46,24011,3,3878,21946,1057,12257,300
10708,1718,16055,6975,2137,4406,15419,17952,97,2,45070,4,4023,44885,1757,15778,300
10713,1723,16227,1920,1318,4778,14958,17951,96,35,15413,3,1752,9549,1013,15580,300
10722,1732,17174,8276,2039,1255,15066,17951,89,48,57412,4,3819,49010,1982,12051,300
10723,1733,16837,10327,858,1442,15103,17951,92,14,29437,3,8312,40096,1535,12970,300
10727,1737,16712,9083,1474,3310,15282,17954,78,5,9230,3,1280,4212,665,10932,300
10729,1739,15483,8900,1994,4451,14703,17952,79,10,41336,3,8740,54893,1982,14447,300
10732,1742,15918,8241,387,3684,14725,17953,58,48,20124,4,4968,27307,1361,10005,300
10737,1747,15738,8607,66,2029,15282,17952,85,7,63593,3,5899,34174,1577,11751,300
10743,1753,15480,2064,1743,3596,15144,17954,92,4,5344,3,873,4724,921,16215,300
10748,1758,17726,6389,321,4763,15269,17953,86,6,13031,3,4340,28066,1447,12328,300
10749,1759,15520,7977,172,843,14880,17953,83,43,23203,3,3133,21869,1129,11653,300
10750,1760,15574,9243,528,3433,14663,17952,80,33,31687,4,8851,40513,1503,10259,300
10752,1762,17666,5943,310,285,14895,17953,77,10,28749,4,1889,17483,1239,14594,300
10753,1763,16841,9995,1989,260,15208,17953,70,29,20824,3,3972,22030,1053,11406,300
10757,1767,17901,1883,1602,2700,15414,17951,79,37,29507,3,5114,45371,1553,12440,300
10758,1768,17084,3589,1759,509,15402,17953,84,36,18338,3,3473,14234,940,11803,300
10759,1769,16819,4634,2338,3487,14871,17953,73,33,12981,3,1887,31609,1461,12332,300
10760,1770,17625,10039,670,1906,15121,17954,94,31,10862,4,512,11614,1196,14339,300
10761,1771,16024,7759,2134,3666,15024,17953,81,47,20917,3,1056,11568,885,11108,300
10765,1775,17727,8774,2261,57,15225,17951,95,38,60559,4,7985,28725,1451,14876,300
10767,1777,15481,10757,494,4246,14691,17953,88,10,34768,3,3019,31741,1273,13217,300
10776,1786,17680,388,79,390,14991,17951,86,32,20732,4,3333,7947,911,12024,300
10777,1787,15627,865,849,1526,15006,17953,100,32,38264,3,3760,32905,1723,13734,300
10779,1789,17871,9788,345,4524,15379,17951,87,26,51895,3,3844,44183,1570,11172,300
10780,1790,15998,501,1406,3649,15148,17952,88,28,29320,4,1793,23521,1362,12173,300
10782,1792,17716,5560,2156,4823,15379,17954,86,28,7306,4,1795,12603,1073,15623,300
10790,1800,15465,2193,2501,3016,15132,17951,78,31,25528,4,2863,12555,909,11624,300
10801,1811,17593,5543,1144,3173,15302,17953,92,5,24895,4,2119,30938,1338,14152,300
10803,1813,17144,322,1703,2828,14953,17952,82,36,37037,4,4033,26693,1504,15092,300
10807,1817,16718,11296,1873,1429,15298,17954,45,41,8690,4,994,11444,897,7379,300
10809,1819,15489,10605,978,1940,14722,17953,96,24,29446,3,2947,29517,1368,14431,300
10813,1823,16965,6413,1503,4243,15190,17952,83,30,55070,3,6412,32645,1324,12444,300
10814,1824,17744,2197,1728,2741,15224,17952,97,10,32157,4,3390,57232,1982,14843,300
10820,1830,15624,11377,159,4766,14918,17953,98,16,35243,4,2360,30142,1666,15030,300
10821,1831,16233,2481,1648,3122,15435,17953,95,3,21019,3,2118,12909,1018,16535,300
10827,1837,16147,10427,2435,2565,15024,17953,18,44,14911,3,3768,21864,1002,5219,300
10831,1841,17867,3529,1110,4696,15360,17953,50,42,27054,4,2468,19313,1161,6633,300
10837,1847,16338,3063,1526,4747,15333,17953,98,19,28064,3,4190,34199,1577,14050,300
10838,1848,17106,11215,1359,104,14961,17953,9,8,32374,4,4913,29483,953,686,68
10840,1850,16426,356,2153,4153,14812,17954,100,39,13108,3,1126,3125,1045,16255,300
10841,1851,16305,10855,1380,2848,14738,17952,53,9,55949,3,4739,33421,1254,6566,300
10843,1853,17728,5778,1643,4990,15337,17951,96,44,19722,4,3916,6353,1034,13199,300
10844,1854,15577,3109,2068,3575,15040,17954,94,35,9742,4,567,14229,1069,17099,300
10848,1858,16986,2752,2151,2791,15129,17954,85,17,6234,3,1152,9795,895,15182,300
10859,1869,15721,4984,151,3685,15106,17951,89,18,41219,4,5752,40150,1582,15010,300
10865,1875,16525,8983,226,615,15165,17952,88,33,46000,4,3782,62187,1982,14989,300
10868,1878,16792,8903,1400,3705,15327,17951,40,28,17459,3,3296,5670,788,8091,300
10872,1882,16591,2305,697,4141,15414,17951,96,8,55202,3,3123,64415,1982,14129,300
10873,1883,16812,11728,1364,4963,15339,17951,2,19,60875,4,7057,29698,799,461,39
10881,1891,16952,7967,445,3465,14958,17952,52,36,30515,4,3657,26687,1143,8304,300
10887,1897,16313,7187,446,4744,14656,17952,39,22,32162,4,7334,44562,1705,6130,300
10891,1901,15631,10817,475,4239,15243,17951,67,36,55596,3,4570,62662,1982,9887,300
10893,1903,17250,3519,1095,324,15419,17951,60,35,23751,4,1486,5230,767,11271,300
10898,1908,16503,2312,989,3282,14950,17952,80,38,18257,3,2186,16979,1263,11355,300
10904,1914,17100,6063,112,2591,15247,17952,45,21,48394,4,5420,37377,1373,8256,300
10907,1917,17694,8004,77,1198,15393,17952,70,27,15136,3,1772,19533,1047,9273,300
10910,1920,16440,8691,841,1015,15243,17953,92,27,20563,4,3624,34408,1746,14650,300
10911,1921,17599,9973,2117,4776,14674,17953,23,42,14306,3,2164,24512,898,4855,300
10916,1926,16046,245,354,3561,14991,17952,98,8,18249,3,1815,8735,922,16708,300
10919,1929,16108,9269,2433,918,15098,17954,59,39,8801,4,2498,10679,938,9515,300
10921,1931,16442,11947,2199,1505,15379,17953,92,2,12955,4,4779,25513,1433,12128,300
10927,1937,16676,2748,1956,4659,14913,17952,47,18,33657,3,5618,25890,1268,7981,300
10939,1949,17826,5730,1933,3045,15230,17951,83,28,23460,3,2725,6080,964,14340,300
10954,1964,16820,5938,568,4802,15373,17951,73,26,10146,4,2298,22288,1246,9466,300
10959,1969,16294,4292,985,3584,15333,17953,89,31,39829,3,1996,37811,1469,12999,300
10965,1975,17015,464,105,4950,15078,17952,89,28,37233,3,5138,15325,972,14719,300
1,100,16266,6879,1626,3451,14935,17954,20220200,4,20043,2,4180,29217,1568,2247,117
2,200,16022,6547,2246,3445,15439,17954,20220300,4,31222,2,6279,142420,1166,4331,121
10,500,16218,1657,2546,2743,15156,17954,20220600,4,22926,2,7993,21159,919,2207,143
34,1000,16491,5796,403,4324,14652,17951,20221100,2,19484,4,781,27015,91,1599,71
10009,1019,16822,5711,2042,282,15377,17953,28,35,31988,4,3029,23734,834,2649,229
10032,1042,16999,3029,1340,4167,14883,17951,88,12,53603,3,8159,24488,1130,13141,300
10035,1045,16807,4728,1415,3391,14891,17951,93,22,51221,4,8355,59279,1982,12832,300
10049,1059,17914,11205,1061,832,14814,17954,91,16,9287,3,1833,4615,959,15454,300
10051,1061,16743,7578,1308,2431,14742,17951,91,17,41261,4,6689,18098,991,15433,300
10055,1065,15840,1985,1357,261,14987,17951,88,22,36940,3,5390,47527,1982,12654,300
10056,1066,15966,6759,2486,3924,14648,17954,85,2,17758,4,1984,17420,1248,12562,300
10073,1083,16397,7738,541,1307,14714,17952,99,19,16443,2,3700,10621,1145,17189,300
10079,1089,16964,6539,712,4311,15350,17953,89,3,29412,3,3405,5220,952,14612,300
10083,1093,17062,6569,966,2131,15301,17952,93,21,53954,2,4246,58071,1982,16217,300
10088,1098,16209,3730,1165,122,14889,17952,69,3,15836,3,1041,5961,606,13387,300
10101,1111,16651,8210,557,1734,15163,17952,95,16,33880,2,7413,63202,1982,14903,300
10106,1116,17469,9143,2029,4997,14850,17953,86,31,20524,4,2654,18184,1105,11465,300
10107,1117,17256,6609,896,1396,15119,17954,31,46,10842,4,1896,8351,560,4961,300
10112,1122,17362,10723,915,4882,14714,17953,86,44,13886,3,4362,32297,1430,11887,300
10114,1124,15912,1430,1453,2573,15022,17951,93,24,8097,3,1376,10304,982,15262,300
10115,1125,17571,2206,187,1581,14891,17954,79,3,7286,3,1918,15708,976,11032,300
10118,1128,16017,6834,1545,4268,14649,17953,97,23,12953,4,2959,9282,1148,15369,300
10123,1133,16132,293,2121,2091,15348,17953,82,4,16682,2,2922,23371,1336,13778,300
10125,1135,15561,10591,862,727,14651,17952,62,26,49696,4,7469,29466,1462,9985,300
10126,1136,15655,9769,360,3735,14807,17952,76,15,31900,2,5457,46416,1765,14307,300
10128,1138,17759,9088,2468,300,14807,17952,95,17,57076,3,5756,33581,1532,16026,300
10133,1143,17063,5410,664,1660,14714,17951,75,33,14405,3,1645,23982,1082,13714,300
10134,1144,15540,11134,356,2743,15163,17951,15,38,55872,4,3430,58699,1654,2087,215
10142,1152,17937,4598,2230,4798,15396,17951,67,37,13314,4,3852,18327,928,10238,300
10144,1154,17689,11245,2,2966,14789,17954,77,34,17947,3,1628,5398,959,13612,300
10151,1161,16455,9500,861,3530,15113,17953,80,5,29540,2,3954,25367,1206,13284,300
10163,1173,17397,582,1640,655,15244,17954,95,12,13121,4,646,17993,1183,12432,300
10166,1176,16920,11113,548,4204,15284,17954,35,8,13833,3,2915,10907,808,3636,300
10173,1183,17476,7833,1461,1682,15332,17952,66,18,59370,4,4178,47409,1773,10320,300
10183,1193,16892,5971,878,4052,15042,17952,78,3,28475,3,3383,17663,948,11172,300
10190,1200,15936,73,1361,1698,15052,17952,93,43,34934,3,3572,61204,1982,14525,300
10191,1201,15664,1766,44,4248,15111,17954,61,6,16507,4,1107,11494,956,11460,300
10210,1220,17906,10331,1910,1210,14927,17952,73,12,45834,4,8493,15388,855,12931,300
10213,1223,16899,5405,1337,10,14946,17954,35,19,14324,3,2232,6812,433,7708,300
10224,1234,16453,4363,1785,4750,14866,17952,71,27,59916,4,3930,44331,1639,12869,300
10237,1247,16295,9237,2495,3766,14698,17952,96,39,50265,2,4462,56093,1982,12683,300
10243,1253,17693,10472,510,4936,14800,17954,82,25,14440,3,1592,3548,797,12250,300
10246,1256,17298,5514,2193,798,14810,17952,80,17,50346,3,3328,58552,1982,11336,300
10247,1257,17931,8986,2504,809,14749,17952,79,39,10594,3,2797,24343,1350,14332,300
10248,1258,16446,887,1826,1854,14850,17951,94,24,17902,3,1491,8561,857,13643,300
10250,1260,16458,8020,1013,2178,15111,17952,92,42,56616,2,6198,64635,1982,12689,300
10251,1261,16885,2287,2262,2716,14829,17954,63,18,17278,3,807,14372,908,11373,300
10252,1262,16954,4758,1196,2511,15326,17954,86,15,15969,3,2583,8737,1018,11516,300
10260,1270,16630,10832,1304,617,15189,17952,89,11,38082,4,8974,36110,1631,14225,300
10261,1271,15979,8982,2054,2712,15345,17954,58,26,11312,3,2542,22486,1242,11429,300
10270,1280,15527,8958,1173,3623,14696,17954,91,20,5577,2,1516,14764,1088,14934,300
10271,1281,17911,587,795,1986,14810,17953,96,47,13586,3,4224,34422,1465,12443,300
10274,1284,17568,4978,221,170,15348,17954,79,17,16326,3,1584,6937,684,12747,300
10282,1292,17596,11485,1296,204,15350,17953,100,18,19326,2,2489,19096,1377,14729,300
10284,1294,15683,403,2204,1492,15231,17951,100,45,42486,2,8957,26536,1349,17185,300
10289,1299,16087,3355,1899,3135,14889,17952,38,9,19305,2,2408,14084,675,6458,300
10305,1315,17844,7770,1327,464,15364,17954,89,29,16128,4,2261,16702,1120,15319,300
10313,1323,16716,6987,1779,1298,15377,17953,98,10,20452,2,2342,26884,1383,13659,300
10327,1337,16766,11418,961,1269,14779,17951,98,47,44933,3,5960,51716,1982,15965,300
10335,1345,16335,5124,1690,3661,15033,17953,93,10,39992,3,2435,38895,1540,16205,300
10336,1346,15517,10789,1346,1479,14866,17952,77,29,23549,2,1388,18346,1032,11752,300
10341,1351,17320,3256,1565,242,14766,17951,69,20,58352,2,5525,30799,1454,13322,300
10342,1352,15732,7746,571,441,15364,17951,48,38,28232,3,3445,5393,854,8720,300
10354,1364,17879,3982,1036,3894,15099,17952,4,43,59768,2,6663,23768,807,2257,300
10357,1367,16140,3543,1736,1424,15083,17953,95,31,24344,3,2047,33953,1607,14551,300
10358,1368,15509,11561,2176,1877,14911,17951,66,28,36332,4,3221,52407,1969,10195,300
10363,1373,15771,3237,1135,4370,14688,17953,74,3,33209,2,2841,19693,1135,11714,300
10370,1380,15695,9164,129,2543,15042,17952,98,31,19411,2,2376,10385,860,15348,300
10375,1385,17214,9125,1480,3429,14935,17952,48,31,54123,3,3479,55849,1964,9762,300
10403,1413,16583,10461,2448,4654,15113,17951,99,28,34182,2,3154,25024,1355,16740,300
10404,1414,17384,6930,2417,1096,14714,17951,86,9,25835,2,5503,35146,1728,13380,300
10405,1415,17680,4203,1202,1670,14758,17952,59,9,29020,3,5804,51397,1855,8186,300
10412,1422,17581,5578,1027,4734,15356,17952,69,8,38496,2,7955,55711,1982,9669,300
10413,1423,16833,8977,1349,2983,14768,17952,83,10,33957,4,6279,33415,1384,14074,300
10415,1425,17617,6238,574,4754,14935,17953,74,32,33105,4,3320,24553,1127,10718,300
10418,1428,17296,2432,2512,2224,15284,17952,63,7,52877,2,8432,19611,929,8575,300
10426,1436,15961,11445,768,4843,14696,17953,14,30,22534,4,1612,28111,1158,1071,166
10427,1437,16532,1990,2189,2002,14807,17951,97,43,24554,3,2921,17550,1319,13775,300
10428,1438,16278,5289,2387,338,14742,17952,46,13,20525,3,3588,11965,971,6149,300
10430,1440,16502,1449,654,3509,15380,17953,95,21,26318,4,4437,11472,1238,14262,300
10433,1443,16077,6239,1079,4628,15161,17954,85,14,13308,3,835,16095,1095,15697,300
10454,1464,16743,5034,522,2749,14732,17952,80,7,17042,2,3103,11678,1113,13600,300
10455,1465,16950,4603,476,4484,15345,17952,80,10,29418,4,2454,14379,1114,10544,300
10457,1467,16727,1216,1675,1112,14714,17953,85,14,21571,2,2071,35978,1526,12072,300
10471,1481,17369,2927,1341,2275,14660,17953,89,16,17640,3,4932,21034,1284,12687,300
10475,1485,15472,8847,1668,2811,14948,17951,91,38,41681,3,5434,22440,1423,14526,300
10480,1490,17509,1928,76,3905,15309,17952,84,11,15642,3,1825,16480,1143,12998,300
10485,1495,15803,8361,774,1346,14791,17953,97,45,22868,4,2023,36679,1626,12759,300
10487,1497,16078,1831,64,1944,14935,17953,54,48,32244,3,1814,22617,1118,6775,300
10489,1499,17799,6267,248,4805,14758,17952,51,15,26310,3,2136,6494,545,6781,300
10499,1509,17935,11124,1026,3632,15316,17952,91,5,23390,4,3539,18116,1047,14569,300
10503,1513,17198,11755,2004,1175,15284,17951,85,33,28195,4,1494,23348,1137,11829,300
10506,1516,17048,1240,2480,1909,15227,17952,95,4,29981,3,8533,16054,1071,14258,300
10509,1519,15773,6014,349,2376,15077,17953,95,4,10765,2,2941,16616,1236,16279,300
10512,1522,15500,8309,518,2797,14732,17951,88,24,48424,3,5744,33565,1551,13236,300
10513,1523,15966,3640,1606,673,14906,17954,92,26,15870,2,1749,16293,1043,15762,300
10517,1527,16583,1798,1182,4825,15309,17952,98,17,53097,2,7282,52015,1982,14379,300
10518,1528,16626,11574,1041,4459,14814,17951,48,38,15186,3,3737,22287,1049,9225,300
10522,1532,16418,5,2221,3443,14791,17952,98,15,52228,3,8171,20815,1144,14769,300
10524,1534,17640,10389,1542,1988,14951,17954,53,10,10635,3,2083,16206,830,9667,300
10527,1537,16978,1957,74,273,15301,17954,59,23,9262,2,3807,18104,1196,9272,300
10532,1542,15995,8489,1777,2444,15356,17953,83,36,13311,3,3560,14782,860,12234,300
10534,1544,16533,11601,2109,1020,14827,17953,92,21,37654,2,2155,17943,1023,14506,300
10537,1547,15606,3052,943,4003,14706,17953,51,30,30509,2,3890,38775,1360,7177,300
10541,1551,17640,5874,752,189,14758,17952,43,19,28136,3,2075,10450,600,7914,300
10542,1552,17744,5374,899,4398,14850,17954,79,17,11134,3,629,7110,1045,10410,300
10543,1553,15662,2307,2400,2537,14806,17954,40,25,25342,2,3662,18364,855,6018,300
10548,1558,16062,6750,1208,1117,15276,17954,74,12,16930,3,2573,9834,843,9899,300
10549,1559,15608,10996,2253,1828,14827,17951,90,26,47356,4,5753,52676,1982,14015,300
10557,1567,16520,9782,6,4113,15189,17954,89,20,16077,4,1411,13692,1006,13601,300
10561,1571,16103,5105,1682,3341,14933,17954,71,23,14758,4,581,11480,736,12796,300
10566,1576,17270,4961,1803,180,15326,17953,99,39,29341,4,3114,33514,1557,16706,300
10574,1584,17320,1583,1274,954,15029,17954,95,13,21171,2,2560,21839,1250,14131,300
10575,1585,17286,1717,1190,2335,14911,17951,59,34,49061,4,5661,27790,1214,7454,300
10576,1586,15876,2150,2236,530,15426,17952,59,10,58602,3,6964,19817,1233,11810,300
10577,1587,15761,3310,1578,2000,14742,17953,85,7,29087,3,4371,9485,892,14633,300
10579,1589,16867,10192,856,2112,14713,17954,42,38,29396,3,3598,16281,795,7834,300
10582,1592,17602,10931,2023,2948,14749,17954,69,41,14553,2,1883,5946,942,9604,300
10593,1603,16957,3421,294,4037,14732,17954,95,33,9483,2,1101,6508,967,14645,300
10594,1604,17386,7820,2007,1565,15396,17953,64,17,20234,4,4713,35150,1600,11998,300
10598,1608,15886,11128,318,1013,14933,17951,75,2,52057,2,4753,63400,1982,12592,300
10600,1610,17807,9980,41,1062,15423,17954,82,2,13327,3,837,11733,828,11822,300
10612,1622,17241,6430,817,429,15214,17954,94,8,10938,2,1746,12992,1256,16637,300
10628,1638,16968,5176,302,3972,15051,17953,83,15,19076,3,3880,31855,1420,14221,300
10632,1642,15452,3696,1366,3034,15033,17953,86,9,20935,2,3468,24002,1114,14477,300
10635,1645,17331,7384,711,3303,15217,17952,100,18,29523,4,5493,40564,1892,15976,300
10639,1649,16067,11847,393,2107,15020,17953,30,28,21768,3,2138,10192,493,5204,300
10645,1655,15884,7094,216,1697,14800,17954,85,11,7069,2,2176,5597,834,14495,300
10649,1659,15900,6823,2147,3926,14906,17954,74,47,8016,3,853,15100,1139,12717,300
10651,1661,16447,10734,1572,550,15356,17953,100,17,35279,4,2663,13116,980,14571,300
10653,1663,17165,4544,2277,995,15218,17951,100,11,33767,4,4018,41599,1744,17484,300
10655,1665,17693,11572,1506,4314,14883,17954,78,26,12894,3,2777,17440,1213,14105,300
10660,1670,17000,4162,1175,3270,15154,17952,99,16,44014,2,8570,21804,1467,13907,300
10666,1676,17483,2075,1721,50,14841,17952,43,19,52168,4,3115,52725,1668,7911,300
10669,1679,15633,843,1257,1145,15244,17954,56,48,24242,3,3401,21081,908,10030,300
10678,1688,17209,7168,91,2191,15301,17951,51,35,46650,3,8202,61984,1982,8039,300
10680,1690,17517,7615,1872,655,14910,17951,85,20,61082,2,7213,23035,1260,11924,300
10682,1692,16203,1232,1414,3304,15077,17953,90,40,21882,3,2521,33048,1502,12561,300
10696,1706,16547,10637,2490,436,15316,17951,75,24,62316,3,6789,30911,1352,11377,300
10697,1707,17764,172,2298,2620,14927,17954,77,17,10118,3,795,14675,986,11136,300
10701,1711,17754,9000,1996,226,15133,17952,58,13,63816,4,4046,33723,1407,8176,300
10703,1713,16867,9670,1906,2894,14797,17954,96,4,14099,3,1052,17013,1090,15332,300
10704,1714,16149,770,1806,3308,15113,17952,74,6,56008,3,7575,21946,1272,13822,300
10709,1719,17709,3289,412,175,15029,17951,96,2,53852,4,4723,31774,1598,14911,300
10712,1722,15729,836,417,2468,15060,17951,86,7,54214,4,3322,40920,1526,12312,300
10714,1724,15948,11690,579,160,14810,17952,99,32,14494,4,3653,9213,1034,17848,300
10717,1727,15485,11497,1871,328,14983,17954,100,30,13232,3,1376,4774,839,16114,300
10718,1728,17073,2205,2538,4455,15290,17953,70,33,21113,2,4394,12809,1037,10337,300
10719,1729,16713,2598,299,2812,14713,17954,79,35,15550,2,3912,19799,973,11127,300
10724,1734,16297,2894,614,3146,15377,17951,60,28,49003,2,6045,40662,1471,9925,300
10731,1741,17113,10759,314,34,14814,17953,62,42,26548,2,2116,19925,1060,12411,300
10734,1744,15903,9242,1107,1655,14749,17952,72,11,38930,2,7940,37147,1362,12924,300
10740,1750,17457,7461,1017,4166,14788,17953,77,30,11973,3,3401,10172,1016,10207,300
10745,1755,16280,494,1319,3188,15357,17951,55,33,43535,3,3566,35287,1343,11090,300
10746,1756,15924,4222,1530,2383,14948,17953,44,47,21685,3,1911,29313,1224,6078,300
10771,1781,17573,8756,162,2892,14755,17951,99,19,59279,3,3626,51429,1786,16086,300
10772,1782,16202,8463,1054,801,15384,17952,78,15,39004,2,3034,39811,1465,13642,300
10775,1785,17696,4989,89,4971,14652,17952,95,15,49340,2,4842,32112,1346,16193,300
10778,1788,16540,6086,584,1674,15156,17951,71,47,23264,2,1385,10373,1034,10445,300
10791,1801,16165,5572,1671,2515,14954,17953,92,30,34819,3,2984,29842,1558,12331,300
10794,1804,16624,377,1748,4749,14829,17953,90,3,12724,2,1720,28364,1542,15220,300
10798,1808,15540,9349,33,2391,14810,17952,96,43,41774,2,8860,50141,1866,13523,300
10802,1812,17384,4326,2092,4922,14649,17951,97,37,25315,2,2381,17968,1107,16709,300
10822,1832,15750,4994,1524,3646,15275,17953,86,31,32252,3,1602,39569,1634,13974,300
10828,1838,17538,8836,760,2163,15120,17951,95,46,39550,3,5567,25327,1239,14052,300
10849,1859,17211,189,506,917,15407,17951,73,17,31176,3,5173,15151,1159,11650,300
10869,1879,17325,5379,2449,4858,15332,17951,72,35,53840,4,6296,63547,1982,11261,300
10874,1884,17269,7173,1377,4746,14649,17952,97,24,57797,2,3825,55728,1982,17353,300
10878,1888,17568,11967,1858,1165,15154,17954,77,14,22342,3,1517,10284,1058,12483,300
10885,1895,16791,9212,2532,636,14758,17953,74,22,34091,4,4336,13821,1179,13403,300
10886,1896,17289,10652,2289,3354,14713,17953,36,26,17025,3,3300,19060,1104,4686,300
10903,1913,16182,1572,2251,1482,15311,17953,16,14,34562,3,1619,27436,931,960,84
10917,1927,15681,10573,1664,516,15154,17952,94,20,33449,3,7088,63556,1982,13840,300
10918,1928,15902,9701,2436,4205,14858,17953,89,10,17130,2,2560,38423,1464,12245,300
10920,1930,16482,4963,2154,1290,15356,17951,73,33,50760,4,5037,52994,1982,12554,300
10922,1932,17071,1903,1567,2663,15380,17951,99,46,27250,4,4956,52074,1982,16065,300
10924,1934,16454,8247,1370,2300,14997,17951,95,44,46277,4,7174,22072,1198,15706,300
10925,1935,16606,5163,2302,4062,15336,17954,91,45,26385,4,2054,12015,1071,15722,300
10929,1939,15937,6894,1143,685,14983,17951,96,38,35757,4,6426,49621,1866,14508,300
10931,1941,17276,8362,2210,3129,14713,17953,25,8,23334,2,3428,20857,971,3868,300
10937,1947,15529,7224,2318,1498,15350,17953,81,13,16014,3,2629,24990,1332,13138,300
10942,1952,16841,5831,2430,1684,14997,17951,99,35,64582,2,3361,36959,1797,16862,300
10947,1957,15748,6735,1914,838,15153,17951,89,32,17335,3,2933,21556,1347,13284,300
10950,1960,16233,10244,460,1215,15426,17953,81,22,21341,3,2692,14255,846,10690,300
10951,1961,17101,11155,485,1945,15153,17953,96,17,30993,2,2489,13393,1141,13134,300
10955,1965,16138,2499,278,2162,15178,17952,73,44,25272,2,3551,24179,1360,12031,300
10957,1967,17038,7121,1820,3566,14757,17951,54,47,52569,3,3349,20322,871,10751,300
10966,1976,16858,3607,30,3773,14933,17953,46,3,29662,4,4608,19729,931,6712,300
10967,1977,16182,1462,572,704,14814,17951,99,24,35138,2,3368,45456,1792,13802,300
10968,1978,17189,3605,85,1292,15412,17951,84,34,21354,4,2200,23679,1329,15096,300
19,800,17796,2721,2265,4366,14969,17954,20220900,4,39278,4,2761,64840,315,554,67
10001,1011,17019,1797,745,3801,15038,17953,96,35,38022,5,4642,38201,1704,12778,300
10003,1013,16946,5312,1245,2346,14780,17953,93,15,8910,5,3310,24808,1143,12433,300
10013,1023,15560,7249,2522,865,15416,17952,90,27,14261,4,1329,16759,1307,14673,300
10018,1028,16379,3096,2128,2889,15330,17952,99,23,48066,5,3964,62569,1982,14608,300
10027,1037,17370,1208,1432,3805,15164,17951,92,20,47254,5,4666,59573,1982,14232,300
10036,1046,15577,4134,824,1905,14908,17952,48,42,19147,5,2933,9769,738,8578,300
10041,1051,15463,6104,2326,1359,15027,17954,67,41,5286,5,706,11095,1041,9394,300
10047,1057,17228,434,923,2783,15291,17953,97,13,28474,4,1789,14645,1297,17276,300
10052,1062,15467,4494,2336,3597,14840,17951,61,45,10421,4,3538,24071,1042,7697,300
10053,1063,15934,8612,1725,3296,14962,17952,73,29,64460,4,5608,33617,1522,13332,300
10059,1069,17457,8706,1902,3278,15372,17952,97,31,28423,4,5828,64139,1982,13376,300
10064,1074,17786,9647,2021,581,15372,17952,42,48,46308,5,6738,48466,1732,5542,300
10084,1094,17438,6450,1435,4842,15280,17953,60,35,22705,4,2798,37653,1456,10410,300
10086,1096,17371,6829,334,1799,14753,17954,96,7,6773,4,2989,6557,846,13077,300
10091,1101,16231,11182,1080,1545,15201,17953,91,4,35989,4,3572,32967,1425,12721,300
10103,1113,16997,7944,1025,3975,14962,17951,99,10,49350,5,4826,34261,1594,17605,300
10110,1120,17572,5493,722,1553,14928,17951,100,19,62821,5,8207,55595,1982,13209,300
10111,1121,17393,306,2111,4422,15140,17953,5,13,33922,5,1991,18495,832,902,117
10129,1139,17049,9673,968,3600,15278,17954,42,39,8495,5,1930,23450,1144,6880,300
10132,1142,16619,6666,677,2210,15136,17954,95,3,16742,5,1932,6423,727,14020,300
10141,1151,16139,10179,737,1788,14896,17954,100,10,10912,5,1688,12262,897,14382,300
10155,1165,16676,10347,2457,3314,15172,17951,88,12,41559,4,7144,45803,1683,12721,300
10156,1166,17559,8316,763,1586,14901,17953,98,44,12997,4,1743,27848,1263,13448,300
10158,1168,17252,6870,1285,1067,14801,17951,84,46,18374,4,3140,13892,894,13451,300
10164,1174,15706,5761,1839,531,14773,17953,77,11,14966,4,4501,23690,1129,12318,300
10169,1179,15792,8175,1277,3643,15358,17951,69,4,44931,4,7813,22607,1004,9700,300
10170,1180,17753,2099,1630,2998,15001,17954,16,17,14872,5,2550,12448,476,3341,269
10174,1184,15961,5296,1866,1857,15092,17951,84,26,27821,4,6385,23150,1209,12375,300
10175,1185,17363,10610,61,2660,14945,17953,92,30,24941,5,1452,9941,891,15132,300
10177,1187,17191,8880,1374,2492,14799,17951,100,14,22801,5,1194,24531,1386,17268,300
10185,1195,16311,10848,2272,886,15417,17954,78,6,7083,5,840,11844,1004,11233,300
10188,1198,17892,9481,205,979,14735,17951,95,23,43274,4,7956,43903,1661,12288,300
10192,1202,17048,5278,2089,1219,14945,17951,27,7,18022,5,2871,13786,900,3671,300
10198,1208,16415,10672,441,4887,14923,17953,100,8,26522,4,3044,35362,1489,16927,300
10200,1210,17757,2632,277,1348,15139,17952,57,34,45426,5,6745,29359,1406,8150,300
10202,1212,17821,8406,717,4084,15030,17951,91,39,36314,4,3414,42948,1648,16469,300
10207,1217,15765,4888,2028,185,15180,17953,97,41,36582,4,4080,17024,1312,17130,300
10211,1221,16900,1353,1778,1609,15296,17954,97,15,10455,5,2541,10248,1137,14275,300
10214,1224,17030,11098,656,163,15037,17951,71,28,52095,4,4581,49171,1726,13143,300
10236,1246,15557,5989,1090,4290,14957,17954,89,43,8214,5,2150,14531,1061,12117,300
10240,1250,16725,9467,2320,4960,14988,17954,75,31,16690,4,1316,11929,841,12659,300
10244,1254,17688,11635,815,2080,14938,17952,93,3,29693,5,6357,39513,1554,15253,300
10253,1263,15600,342,1133,2696,14957,17951,96,47,21151,4,2143,17204,1276,12573,300
10264,1274,17797,6929,976,1571,14686,17954,76,13,14589,4,1144,3895,575,11441,300
10265,1275,16977,94,1467,3499,14873,17952,67,9,39034,5,6441,37699,1459,10191,300
10273,1283,15857,1443,2216,866,15207,17951,93,17,8890,4,1311,6262,822,13907,300
10279,1289,17364,2775,1694,2649,14902,17954,92,36,16767,4,2019,13762,1144,14333,300
10280,1290,15516,1310,2122,2587,15372,17952,77,27,27337,5,4797,15368,936,12839,300
10281,1291,15728,11831,552,1092,14664,17953,98,42,23080,5,2322,22674,1313,12786,300
10288,1298,17210,1699,903,1494,15447,17954,99,36,19775,5,2353,21731,1182,17252,300
10290,1300,16647,92,1152,3152,15031,17952,23,17,29635,5,5993,31172,1021,3954,300
10293,1303,15640,6198,2124,2266,14907,17954,85,46,12687,5,2104,13009,1133,14649,300
10294,1304,16117,10423,1596,1381,14686,17952,39,42,32044,4,8312,48576,1463,6240,300
10299,1309,15709,11760,128,35,14705,17954,69,35,13285,5,2460,15500,1100,11556,300
10302,1312,17190,2781,2381,3984,15278,17952,92,25,61130,4,7531,29018,1242,15140,300
10303,1313,16375,5375,416,1621,14952,17953,93,39,25281,5,4931,16684,1234,13030,300
10307,1317,16724,3383,312,4157,14896,17952,47,14,21568,5,3569,18106,1136,6247,300
10309,1319,16504,11156,135,2603,15158,17954,75,9,17996,4,2742,15948,859,14363,300
10311,1321,17614,6532,2133,3188,15090,17951,96,2,35331,4,4112,62422,1982,16295,300
10314,1324,15659,9234,688,3571,14745,17952,97,3,35102,4,4825,50344,1982,14698,300
10317,1327,15779,8311,1091,4365,15375,17952,22,40,25038,5,1970,21920,847,3142,300
10323,1333,17245,10447,534,985,14945,17951,90,33,53407,4,5741,33475,1393,11998,300
10324,1334,17342,765,1579,3653,14662,17951,96,26,60800,5,7568,48791,1831,17176,300
10329,1339,16439,3269,1211,87,15037,17953,87,38,19849,4,2251,28546,1521,11448,300
10330,1340,16433,8201,565,1414,15130,17951,99,22,56431,5,6953,20674,1117,16443,300
10348,1358,17576,10928,2474,1045,14901,17954,92,26,6167,4,2204,3615,831,14285,300
10350,1360,15727,6272,783,2729,15130,17953,85,6,15715,4,4651,24522,1138,15278,300
10361,1371,16391,4630,1947,4362,15445,17953,99,16,33437,5,3918,21641,1244,16435,300
10362,1372,17639,7156,639,613,15296,17951,38,47,25729,4,2368,13890,705,4303,300
10376,1386,17401,8889,2061,3891,15372,17952,98,28,11332,4,1579,5192,1096,17497,300
10382,1392,15827,9315,1099,4199,15038,17954,97,36,17264,4,2842,3875,766,13415,300
10386,1396,17188,8502,1912,291,15413,17953,77,34,23693,4,2524,20062,1162,12485,300
10388,1398,17674,10521,28,4807,14753,17954,93,23,17093,4,779,15093,1088,14079,300
10389,1399,16072,9424,578,4778,15124,17951,77,7,45250,4,8050,43502,1815,13704,300
10392,1402,17071,11153,203,448,14923,17952,51,24,26907,4,4446,16666,942,6927,300
10394,1404,16714,5686,335,630,14685,17951,91,19,58069,4,7227,41411,1760,16106,300
10395,1405,17432,7294,337,2564,14957,17952,98,27,25653,5,2517,5257,797,15591,300
10410,1420,16123,7498,1266,2123,15413,17952,85,9,28690,4,7567,48363,1793,11512,300
10416,1426,17296,8882,1070,2100,15278,17951,90,46,24540,5,3615,23766,1348,13724,300
10435,1445,17276,7713,2273,3760,15342,17951,66,5,59476,4,8949,57192,1816,11609,300
10436,1446,16658,10813,2212,4158,14716,17952,32,30,8162,5,2191,10462,868,6832,300
10443,1453,17492,5123,1476,1616,15142,17954,96,27,5562,5,2013,8345,1026,15717,300
10447,1457,16359,8598,1404,304,14947,17954,90,24,11713,4,1232,9948,976,15438,300
10464,1474,16221,2237,2383,1879,14793,17953,80,37,25884,5,3610,24563,1215,13106,300
10467,1477,17845,2346,480,3668,14969,17954,91,46,12201,4,2187,4860,1003,12651,300
10469,1479,17693,7668,2172,2669,14938,17951,99,21,42344,5,6367,63774,1982,16523,300
10472,1482,16836,6980,1983,1467,14875,17951,46,39,25520,4,1158,5882,758,10085,300
10473,1483,17490,3400,1948,1139,15417,17952,83,12,60410,4,6656,36031,1589,11971,300
10477,1487,17526,1220,2051,1860,14840,17954,95,13,9870,4,2617,17154,1311,15345,300
10478,1488,15482,8104,2201,1778,15408,17951,88,17,27302,4,5977,18263,1050,13044,300
10484,1494,16679,10418,621,1128,15031,17953,79,41,31511,5,3547,37549,1529,11909,300
10486,1496,16521,835,2431,4922,15010,17954,94,12,17735,4,1548,5592,1013,13279,300
10492,1502,16842,423,667,3098,15280,17952,100,10,64155,5,6280,42629,1967,17827,300
10507,1517,17765,8851,759,33,15447,17954,35,20,17305,5,1904,10813,787,8197,300
10508,1518,15714,3848,1145,1141,15257,17953,15,18,23768,4,1906,27583,855,3351,300
10510,1520,17118,6994,222,1630,15092,17951,98,37,22515,5,3648,18756,1265,15850,300
10523,1533,17940,10974,1272,3016,14875,17953,88,11,12228,4,2384,24212,1324,13601,300
10526,1536,17436,2063,1603,123,15092,17951,84,44,39050,4,5861,34768,1530,11346,300
10550,1560,17934,5035,251,3233,14962,17951,91,19,57882,4,4265,20454,1318,14285,300
10553,1563,15763,7498,2361,2997,14875,17953,91,24,37295,5,2752,12410,1118,13117,300
10555,1565,15735,7556,176,1944,15015,17953,95,15,20283,5,3384,33198,1517,12605,300
10556,1566,16968,8926,470,2986,15346,17952,42,39,49378,5,5436,49399,1840,6180,300
10560,1570,16263,759,1836,311,14923,17954,99,18,17776,5,2687,14910,1208,14433,300
10563,1573,16512,9290,2404,177,15090,17954,42,29,11693,4,1841,5633,490,7429,300
10567,1577,16343,7694,1437,796,14988,17953,97,29,12661,5,4505,8364,1172,14217,300
10580,1590,15749,10740,1554,1367,15401,17953,97,44,15665,5,1535,37617,1592,14054,300
10584,1594,16142,2790,2131,3164,15288,17953,99,8,30628,5,4624,15037,1234,17512,300
10586,1596,15453,11566,2534,1630,15403,17952,96,18,50053,4,5132,28209,1252,15621,300
10590,1600,16173,3405,2265,3255,15026,17952,70,31,48619,5,3906,37993,1607,10542,300
10591,1601,15980,8680,1465,1209,15031,17951,92,13,42400,4,8028,19070,1225,13938,300
10596,1606,16107,9444,1519,1363,14875,17952,92,43,59348,5,5685,56644,1982,12883,300
10597,1607,16913,6114,2469,533,15031,17952,93,24,46032,4,7636,21917,1425,13270,300
10616,1626,17305,915,790,4754,14702,17952,98,29,31157,4,8873,39923,1685,16760,300
10618,1628,15571,8579,911,960,15197,17952,92,28,61472,4,7412,16637,998,14251,300
10622,1632,15776,9973,242,3903,15158,17951,100,16,63747,4,6211,37794,1869,15621,300
10625,1635,16004,8497,1113,4086,14966,17953,93,30,18720,5,2442,18410,1088,14112,300
10633,1643,15515,4439,1952,530,15249,17952,99,6,31133,4,4117,36290,1564,13379,300
10634,1644,15609,10245,167,274,14923,17954,100,44,11684,4,1923,11560,1078,15326,300
10640,1650,16899,1760,258,3923,15256,17951,100,18,37048,5,3212,52314,1982,16991,300
10643,1653,17508,3812,1654,1131,15037,17952,91,35,48303,4,8302,32742,1673,15732,300
10646,1656,16434,2864,1244,4282,14938,17954,97,32,15021,5,2142,10077,978,16235,300
10648,1658,17819,7192,818,849,15257,17954,71,16,8064,4,2908,16806,1039,9761,300
10654,1664,16171,1439,840,1108,14784,17954,97,17,11669,5,1656,12358,1244,15705,300
10657,1667,17343,9081,1840,4825,14970,17954,74,48,14525,5,1113,5265,814,11083,300
10658,1668,15470,10931,998,4017,15323,17952,94,6,40271,4,3234,54448,1916,13920,300
10664,1674,16368,8389,1074,857,15358,17952,81,39,58355,5,5152,40782,1757,13206,300
10667,1677,17276,11476,355,2191,14701,17953,62,33,19224,4,2427,34894,1342,10901,300
10673,1683,16371,7666,1044,3437,14785,17952,85,28,25021,4,3677,16378,1037,11089,300
10707,1717,17319,5003,34,1958,15027,17951,64,19,28513,4,6921,25587,1071,10171,300
10710,1720,16501,9867,1534,2610,15329,17951,72,29,41706,5,6679,28762,1307,9089,300
10711,1721,15522,4492,2053,3756,14863,17951,97,24,36159,5,7746,50784,1854,14089,300
10716,1726,17612,4414,875,30,15394,17953,98,37,13131,5,1710,33573,1490,12952,300
10725,1735,16471,9306,553,229,15142,17951,91,20,9020,5,1496,15417,1041,15950,300
10730,1740,17074,3624,2432,2145,15090,17952,83,35,16548,5,1822,19972,1129,14179,300
10741,1751,17073,4381,2478,4655,14686,17953,74,41,20059,5,4279,14064,811,9313,300
10744,1754,17614,8758,1645,4435,14835,17952,65,31,46291,5,7827,26726,1196,8950,300
10763,1773,15550,7162,700,2778,14899,17953,31,14,22970,4,3096,24012,1165,4980,300
10764,1774,15578,10302,2138,2386,14701,17954,80,43,5620,5,888,11840,1148,11403,300
10783,1793,17605,11331,94,3565,14785,17954,81,31,20745,5,1200,12124,1018,14712,300
10785,1795,16840,1985,2037,952,14801,17951,99,41,43262,5,3610,45059,1977,14350,300
10792,1802,16180,8735,1611,2074,15286,17954,91,22,9836,4,1984,24209,1266,12003,300
10799,1809,16557,8988,1485,4909,15257,17954,95,11,14454,5,2491,8247,1099,13795,300
10800,1810,15661,2678,211,487,14655,17952,100,17,43129,4,8974,50986,1961,17696,300
10805,1815,17025,10139,1246,448,14796,17952,93,41,50483,5,6201,59827,1982,14833,300
10808,1818,15820,5117,394,4717,14690,17952,99,21,29639,4,4994,51624,1982,16696,300
10810,1820,15483,7486,1838,4500,15108,17952,82,24,23501,4,2348,6757,691,10503,300
10823,1833,17278,10210,1058,4961,14923,17954,78,28,14804,4,2298,12168,1138,14679,300
10825,1835,15974,7513,1426,2448,15197,17953,59,12,32402,5,2898,9410,821,9269,300
10830,1840,16558,6304,834,3719,14902,17953,95,28,39865,4,3688,38109,1814,13584,300
10833,1843,15885,4932,931,243,14701,17953,45,6,13323,4,1720,16708,888,8288,300
10839,1849,16103,945,256,3315,15408,17951,88,25,26246,5,8665,19539,1059,14169,300
10845,1855,17560,3164,1273,1666,15432,17953,90,16,18502,5,3365,23806,1333,14734,300
10851,1861,16545,7239,344,1168,14967,17951,71,42,54615,5,7049,40978,1426,12562,300
10853,1863,16820,3111,1544,1501,14921,17953,87,27,20786,5,3129,35197,1552,12641,300
10855,1865,16877,4340,270,1088,15171,17953,99,9,31748,5,1553,28594,1337,13993,300
10870,1880,15835,1063,2145,819,14957,17951,100,32,27171,5,7653,25301,1255,13892,300
10877,1887,17749,1285,102,2766,15030,17953,96,26,38637,4,2862,8380,839,17277,300
10884,1894,16032,6499,1720,1717,14843,17954,100,45,25153,4,3811,12568,1174,16561,300
10890,1900,16453,2899,1177,2472,15027,17952,29,32,63071,5,7827,55158,1613,5394,300
10895,1905,15742,143,1010,2480,14671,17951,90,17,25023,5,6262,43293,1693,13116,300
10896,1906,16133,10715,520,1051,15127,17951,99,29,62088,5,4439,48042,1981,14238,300
10906,1916,17934,2289,1634,162,15241,17953,83,29,8131,4,2808,20851,1151,13577,300
10912,1922,16863,2472,2533,3842,14840,17954,96,7,10895,5,2696,6264,987,16818,300
10930,1940,17208,67,1205,3101,14735,17951,66,23,60017,5,8726,23677,1123,8763,300
10932,1942,16088,6121,756,2287,14701,17951,92,16,62116,4,3699,59653,1982,13710,300
10940,1950,17492,1867,1930,2430,14843,17952,77,43,32202,5,3526,56517,1982,14164,300
10944,1954,16345,7267,788,4237,15447,17951,89,11,42425,4,4900,56701,1982,14584,300
10946,1956,16034,2909,1433,2296,14966,17954,84,25,17154,5,622,9669,977,14972,300
10949,1959,16357,8036,164,1806,15001,17952,59,17,22793,5,1297,9775,835,7838,300
10956,1966,16029,10201,1940,1942,14657,17951,64,24,36219,5,6827,29362,1448,12624,300
10958,1968,17460,7435,15,1428,14723,17953,86,23,24320,4,1806,28609,1394,15158,300
10961,1971,15692,7820,891,4122,15171,17951,99,13,21126,4,3566,18184,1090,14677,300
10962,1972,15682,11945,863,2497,14899,17953,99,33,22372,4,4038,16582,1099,14140,300
10963,1973,16368,5282,733,2392,15149,17952,59,23,25298,5,5452,20684,1019,8541,300
10971,1981,16914,3822,388,3413,14863,17954,37,17,8369,4,2584,11798,739,4724,300
10972,1982,16905,11395,1849,4238,14716,17952,74,3,29268,4,2228,14644,1100,13867,300
6,400,16110,8340,1435,329,15160,17951,20220500,2,0,3,6625,20534,980,2202,26
10002,1012,16671,4835,2369,392,15160,17954,54,27,7880,2,2545,13374,786,10966,300
10005,1015,16501,7961,1680,4913,15094,17954,78,5,16161,2,530,16672,1093,11786,300
10012,1022,16199,384,2160,3586,14822,17953,82,45,15164,1,3323,10912,817,10800,300
10019,1029,15486,7590,306,84,14865,17951,76,24,55829,2,8161,30105,1554,12576,300
10022,1032,17233,2460,608,2469,15094,17951,42,40,48805,1,8234,36922,1347,8183,300
10024,1034,16836,10649,871,1958,15347,17953,80,46,37145,2,4213,33659,1317,10494,300
10026,1036,16997,4493,240,2464,15328,17953,82,40,23803,2,4684,8324,756,11632,300
10031,1041,16679,4008,570,1219,15221,17951,77,14,25875,3,8823,23132,1262,11866,300
10033,1043,16270,9931,1599,3432,14859,17952,92,34,45717,1,5271,19522,1251,13583,300
10039,1049,17694,10031,1698,3365,15267,17954,41,36,6422,3,1636,14014,684,9287,300
10042,1052,17022,7546,877,3888,14925,17951,85,21,60856,2,4019,29021,1199,11304,300
10044,1054,15839,1747,939,907,15385,17953,88,36,30620,2,1625,28840,1436,15821,300
10045,1055,15748,143,838,4850,15371,17951,61,44,35547,3,5221,33821,1300,9657,300
10048,1058,17408,11637,80,1736,15183,17954,83,31,6930,3,2200,15896,1186,12870,300
10050,1060,17423,3507,2072,2359,14736,17954,80,3,14647,3,910,5186,790,11492,300
10068,1078,17615,11156,1587,1848,15097,17951,66,36,56543,1,3431,41614,1683,11606,300
10085,1095,17916,5959,937,161,15168,17953,100,18,18423,1,1641,12101,1066,14694,300
10097,1107,16930,1526,291,1979,14721,17952,99,41,36354,2,8384,37928,1589,17249,300
10105,1115,15637,2295,413,1290,15308,17953,75,23,18638,2,1358,23042,1253,10625,300
10108,1118,17883,4044,801,1042,14717,17954,83,46,15682,3,1460,15165,903,12894,300
10116,1126,16692,6693,2372,4510,14687,17951,50,9,33449,2,6677,34372,1304,8495,300
10121,1131,16839,518,941,1284,15246,17953,79,2,28658,3,4791,15750,992,11347,300
10122,1132,17202,9062,229,769,15308,17953,60,40,16191,1,2890,25187,1277,8985,300
10124,1134,17753,9354,514,1676,15366,17954,100,48,28974,2,1746,21589,1214,16881,300
10130,1140,15944,11294,2000,3195,15100,17952,33,6,59770,1,7969,23496,1149,7847,300
10131,1141,17281,1226,2392,1583,15073,17953,94,45,37725,3,2146,24366,1344,16425,300
10136,1146,17025,5197,428,4559,14898,17954,94,9,7108,1,958,11836,938,15998,300
10138,1148,17165,6505,124,514,15150,17953,47,12,16150,2,2930,12584,677,6256,300
10143,1153,16168,5941,1290,2812,15283,17952,18,28,23788,2,3782,6837,690,1394,124
10147,1157,16941,3564,119,1690,14767,17954,91,9,9567,3,801,15151,1304,13995,300
10149,1159,17023,2367,252,2676,14689,17954,92,4,13994,3,1174,9714,1027,16636,300
10159,1169,17849,11376,1118,3619,14996,17952,52,28,53857,3,6747,46885,1518,9979,300
10161,1171,17335,10418,1799,3131,15072,17952,91,12,8333,3,1793,8423,1143,13081,300
10168,1178,16755,7032,657,1937,15427,17952,94,39,61763,1,3489,54937,1876,13716,300
10171,1181,16720,9113,807,4461,14916,17953,80,37,29167,1,2406,13628,1120,13845,300
10184,1194,17033,11555,1904,3150,14881,17953,83,21,15737,3,4543,34352,1366,11761,300
10186,1196,17365,2718,2034,4045,15387,17953,99,44,30078,1,1898,13304,938,13657,300
10187,1197,17852,7798,2242,4575,14675,17953,43,37,22026,1,4641,21569,1048,7062,300
10189,1199,17157,9337,1768,4653,14819,17953,84,23,38725,2,4353,15647,940,14697,300
10193,1203,17796,10142,1393,1611,15036,17953,54,45,16668,2,4820,22740,921,8410,300
10194,1204,16719,10541,2266,1144,14769,17953,80,12,38085,1,4131,21281,996,10742,300
10195,1205,15578,7513,1048,2064,14963,17953,69,37,22093,2,4048,32613,1304,11566,300
10196,1206,15624,508,646,3929,15391,17951,95,12,32041,3,3816,24514,1413,15346,300
10199,1209,16153,4867,1766,1805,15014,17952,100,28,44700,1,5639,21859,1394,17741,300
10203,1213,16790,6705,104,1311,15273,17953,92,6,27993,3,3441,33550,1420,12224,300
10205,1215,17798,10036,1260,2648,15213,17951,81,7,14681,2,2421,22034,1091,13371,300
10208,1218,16542,3782,662,998,15361,17953,100,7,33532,3,4167,33411,1429,13119,300
10209,1219,16843,3286,1487,2800,15295,17952,90,4,31184,2,8141,16739,1159,15129,300
10216,1226,15508,2078,499,3543,14740,17953,83,6,23113,2,3922,37209,1728,13190,300
10220,1230,17240,5348,740,472,14687,17952,62,30,8617,3,3542,20452,920,7833,300
10222,1232,17932,5231,391,934,14720,17951,90,5,42448,3,4438,38822,1815,13144,300
10226,1236,17803,8589,1120,752,15041,17952,46,3,49957,3,3995,41342,1467,8440,300
10229,1239,15752,4335,1301,57,15409,17953,77,4,15449,1,3858,16860,900,12271,300
10232,1242,17090,10687,870,1014,14760,17953,88,14,34542,1,3324,24811,1249,11579,300
10239,1249,15653,302,653,505,15170,17954,67,29,8881,2,1193,4946,699,8437,300
10245,1255,15832,9533,1548,4490,15436,17954,98,46,14789,2,2069,17397,1184,17697,300
10255,1265,17460,8667,1843,4477,15018,17951,42,23,24310,2,2479,10337,599,6498,300
10256,1266,17902,9672,457,3697,14955,17953,50,20,19440,2,2053,34402,1176,10701,300
10257,1267,17598,2849,1657,3341,15076,17952,65,9,26290,2,3468,23225,1025,10755,300
10258,1268,17003,1784,1631,3095,14980,17951,45,9,29090,1,8481,16271,743,7116,300
10259,1269,17162,1491,1154,4324,14782,17951,99,40,29586,3,8175,62220,1982,13749,300
10268,1278,16208,6457,1915,104,14782,17951,98,37,37476,3,7202,53873,1982,14467,300
10272,1282,17434,5264,1919,4909,14670,17951,84,34,62357,1,5775,43695,1733,15017,300
10275,1285,17533,1589,2341,953,14717,17953,73,32,12150,2,2782,10419,1004,11119,300
10283,1293,17285,7438,1167,3771,15390,17953,94,16,27716,3,3508,32539,1680,12751,300
10286,1296,17461,8784,382,3433,15168,17953,96,12,11378,1,2822,24503,1531,15872,300
10287,1297,16269,1547,2506,589,15390,17954,70,23,11970,2,2571,12598,794,9794,300
10292,1302,16771,7687,1014,2903,14996,17951,90,44,10376,1,2582,12781,1190,15038,300
10296,1306,16199,9286,753,2293,15273,17954,91,32,5807,3,1224,14361,1242,14441,300
10298,1308,16054,1936,1495,4744,15226,17951,40,28,16936,1,2326,8111,801,7175,300
10300,1310,17683,4343,1537,2524,15397,17953,42,3,19087,2,2548,18228,979,5402,300
10304,1314,17915,11396,1735,262,15151,17952,96,10,43823,1,3681,43924,1752,14562,300
10308,1318,17076,1709,1042,4764,15151,17954,85,13,28902,1,2172,24047,1347,12922,300
10315,1325,17413,1311,789,1530,15299,17953,56,16,22217,3,1782,33010,1259,8546,300
10316,1326,16367,11427,1935,3575,15361,17953,96,17,15042,3,2225,8216,832,16468,300
10322,1332,16477,2291,1098,1725,15028,17951,31,22,47354,2,4594,47700,1403,3947,300
10338,1348,16909,7235,2464,2100,15271,17953,75,15,27359,3,1152,23049,1257,11106,300
10352,1362,15610,10785,535,3148,15076,17951,44,3,60628,2,8869,52298,1805,6844,300
10353,1363,17755,4063,952,2257,15261,17953,91,38,35779,3,2803,13129,963,16474,300
10360,1370,17175,6199,138,2268,15056,17954,97,26,9071,3,1367,14936,1073,17474,300
10366,1376,17265,2959,1424,1739,14922,17952,89,39,16718,2,1250,17662,1248,13466,300
10373,1383,17028,10975,1569,2302,15079,17953,94,10,26778,1,2076,7290,754,14722,300
10385,1395,16638,1236,1801,3664,14834,17953,45,40,22982,3,1176,23604,1119,6533,300
10390,1400,16450,2263,472,2020,14769,17953,68,34,29393,2,3500,39951,1502,10901,300
10391,1401,17212,116,1733,1155,14739,17953,72,44,25271,2,3603,18246,1020,11413,300
10397,1407,17899,8151,1895,3981,14949,17952,84,7,44048,2,5282,29460,1577,13368,300
10400,1410,17742,6854,953,2635,15271,17952,86,31,9101,3,3209,7959,1034,15890,300
10406,1416,17716,5150,2425,774,14693,17953,91,42,36728,2,2508,38307,1657,12769,300
10411,1421,17252,5275,1286,4710,14775,17951,66,15,26227,3,2538,11333,820,9750,300
10414,1424,17524,7765,161,1658,14955,17953,96,25,16556,3,4165,26894,1488,16329,300
10421,1431,17841,5681,2520,1430,14876,17953,53,42,8533,3,2195,16248,1096,6931,300
10422,1432,17511,7466,63,1548,14678,17951,40,10,56328,2,4614,62923,1897,8956,300
10429,1439,17667,4942,206,3683,14876,17952,85,11,37153,2,4940,35624,1391,11086,300
10432,1442,15837,7028,1980,4574,15437,17954,100,3,17523,3,2438,4730,939,17328,300
10434,1444,17056,3372,1612,4231,15410,17951,83,37,26061,3,2808,7708,1076,14964,300
10441,1451,17530,20,55,862,15322,17953,72,17,37811,3,1866,23674,1211,11290,300
10446,1456,17231,9004,512,1251,15289,17952,95,43,46035,3,8174,54946,1982,12345,300
10448,1458,16425,8215,1845,854,15293,17953,85,22,22179,2,1829,31009,1352,14166,300
10449,1459,16966,482,1342,2226,14963,17953,94,28,31808,3,4594,29096,1624,14148,300
10451,1461,17034,7693,1695,4465,15410,17954,93,20,17458,3,1769,4725,916,13957,300
10452,1462,15487,7403,1811,3466,15216,17953,64,11,31914,2,2218,28557,1458,10948,300
10453,1463,17746,6796,830,1744,15151,17954,39,10,9092,2,1542,9815,732,6064,300
10456,1466,17743,9816,2083,656,15055,17953,99,12,32774,1,4608,12491,1166,13430,300
10459,1469,17744,5929,1624,2173,14699,17953,58,39,25168,2,2374,18090,822,10713,300
10461,1471,16508,4085,1855,3819,14676,17953,90,28,28734,2,2981,16150,1011,14656,300
10465,1475,17631,1102,311,1087,15079,17952,45,42,30347,2,5525,26988,993,7593,300
10474,1484,16575,6203,1124,2528,14944,17951,83,12,61330,1,8505,46784,1918,13959,300
10476,1486,16511,9686,2247,2123,14699,17951,74,12,12711,1,3457,6891,1027,10453,300
10483,1493,15818,11131,671,1567,15198,17952,93,22,20541,1,2780,24955,1317,14072,300
10491,1501,17545,8369,1369,1113,15398,17953,88,3,32617,3,4984,37140,1481,15772,300
10493,1503,17607,2616,940,2956,15088,17951,89,14,31428,1,4739,28513,1390,13958,300
10497,1507,17634,5298,636,4539,14960,17953,71,42,28174,3,2430,33812,1269,11917,300
10500,1510,17824,7445,1878,3067,15293,17952,100,39,28515,3,6203,47082,1973,13281,300
10511,1521,16949,1453,738,263,15289,17953,69,4,14649,1,4382,25533,1263,9210,300
10514,1524,17486,10423,27,1505,14717,17953,61,8,23258,3,3681,22919,1056,7746,300
10516,1526,17521,10938,1662,1864,14985,17954,94,20,25718,2,1285,14666,1042,15232,300
10521,1531,16029,262,888,2091,15013,17952,74,40,35929,3,6962,61241,1952,13744,300
10525,1535,16214,218,498,1750,15410,17953,71,42,15304,1,4625,39587,1497,12512,300
10528,1538,15760,5722,1386,364,15438,17952,68,30,41400,2,8285,63865,1982,9192,300
10530,1540,17420,80,2450,3757,15079,17953,99,18,16999,3,4582,14429,1319,17373,300
10531,1541,16099,1351,1564,1540,14782,17954,66,35,7648,3,1773,17351,904,10213,300
10535,1545,16759,3834,2321,1117,14707,17953,51,24,25453,3,2208,23388,898,9081,300
10539,1549,15491,5416,1852,2841,14995,17952,20,18,57629,2,5906,24780,803,3014,300
10551,1561,17454,7696,942,3176,15383,17954,37,26,6129,1,2885,14787,907,4703,300
10564,1574,16079,11638,956,456,15293,17951,80,45,59941,1,5900,55757,1982,13205,300
10569,1579,15727,8456,474,3523,15390,17952,96,38,29050,2,3678,52251,1982,13355,300
10570,1580,16007,8305,965,4045,15411,17951,41,40,32153,1,6040,54047,1571,5931,300
10581,1591,17704,2543,1082,639,15410,17951,53,13,12345,3,1442,5198,684,6538,300
10585,1595,15981,9964,2013,1089,14897,17951,48,4,9073,1,3943,21852,1151,8349,300
10588,1598,16961,4722,1822,4248,15183,17952,62,26,63850,2,8418,27014,1406,10596,300
10592,1602,17429,10776,1447,4244,15437,17952,100,6,47137,3,3991,57016,1982,15076,300
10601,1611,17932,8722,2181,2221,14996,17951,71,48,47572,3,4067,32839,1491,9892,300
10602,1612,16258,9208,1486,3350,14739,17952,75,36,63180,2,3669,30418,1339,13764,300
10603,1613,16979,5933,264,2880,15398,17954,84,12,8132,1,2159,13956,904,14589,300
10604,1614,17188,4176,2217,610,14767,17953,98,19,36326,3,3596,27632,1359,16667,300
10605,1615,15792,4820,845,4885,15283,17952,96,42,16676,1,3230,24945,1234,17053,300
10608,1618,16925,5540,1709,2969,15293,17951,89,7,16968,2,2727,24616,1436,12677,300
10609,1619,17670,8185,491,3048,15271,17953,46,8,22528,1,4948,33514,1241,6929,300
10613,1623,15467,4533,1699,651,15145,17953,93,43,33715,1,1958,15742,1082,13723,300
10619,1629,17731,7281,1900,2341,14949,17953,54,21,30039,3,4709,13541,919,9839,300
10621,1631,16245,11238,1305,3259,14834,17952,89,9,11187,1,2103,16034,1069,14187,300
10623,1633,17622,2585,1491,2388,15183,17953,90,7,16120,2,1888,37764,1752,13233,300
10624,1634,16099,9925,554,4462,14881,17954,64,8,16162,2,1917,15455,1029,8878,300
10626,1636,15820,9254,537,246,15436,17953,80,39,34405,1,3295,17157,968,12247,300
10627,1637,16579,2032,1259,1708,14833,17951,98,38,55908,1,4091,16983,1165,17226,300
10629,1639,17873,5919,668,4049,14678,17951,100,12,53240,3,4301,56861,1982,13447,300
10630,1640,16488,5252,241,3194,14919,17952,96,15,62446,1,7826,34173,1664,14367,300
10636,1646,17599,2267,1011,1824,15018,17953,86,20,16128,1,4526,22473,1242,13413,300
10642,1652,17603,1658,2367,2707,14817,17953,84,44,30509,1,4265,11633,1159,14014,300
10644,1654,16531,1708,2010,4581,14963,17953,96,38,28855,2,3468,7929,793,14140,300
10663,1673,16953,9940,1261,2223,14704,17951,95,39,51040,3,5686,62371,1982,12434,300
10672,1682,15466,2256,56,2092,14865,17952,91,5,10826,2,3439,12960,1129,13511,300
10676,1686,16817,4824,1053,3301,14944,17954,78,42,14938,1,2756,12142,771,13241,300
10677,1687,15912,2092,751,4131,15213,17952,83,12,42454,1,4065,20334,1094,14124,300
10681,1691,16243,7209,2461,1262,15411,17952,92,40,48448,3,5082,33980,1541,12782,300
10684,1694,16921,4659,2173,1838,14721,17952,96,3,10751,2,1597,20509,1115,16509,300
10691,1701,16572,2817,1181,3217,15223,17951,62,10,33003,3,7148,16544,972,12404,300
10692,1702,16972,1510,895,1239,15338,17954,79,42,13266,2,1259,8052,698,14289,300
10695,1705,17801,6851,1627,4894,15073,17952,97,41,60953,2,5196,51628,1982,14564,300
10698,1708,16430,7315,1064,2452,15061,17954,68,24,10580,3,1673,14466,976,9997,300
10699,1709,15463,9298,1431,1911,15328,17951,59,17,32764,2,8684,63420,1982,10654,300
10726,1736,17544,11599,1029,1447,14854,17951,98,31,35288,2,4269,30105,1551,16262,300
10728,1738,17392,4934,2203,3330,15002,17953,45,33,34106,3,1602,35108,1521,7418,300
10736,1746,17108,9097,1127,878,14865,17952,93,30,19983,2,1178,11351,943,12450,300
10747,1757,16963,143,336,2764,15343,17954,100,36,14619,1,2632,4012,822,17825,300
10751,1761,17507,9073,2231,1321,14995,17952,91,17,14903,3,2374,23508,1444,12936,300
10755,1765,16921,6808,2379,13,14994,17954,66,24,11502,3,2610,13696,747,8346,300
10756,1766,16913,10437,638,2202,15151,17951,84,27,50417,1,8299,52863,1974,13229,300
10766,1776,17832,4923,2259,3361,14740,17954,50,38,19538,3,3601,8665,865,7364,300
10769,1779,17662,5741,797,846,15355,17951,97,34,17361,1,3101,8622,930,13355,300
10770,1780,17791,594,2350,2844,15014,17954,60,31,7399,2,1188,10118,660,11483,300
10773,1783,17227,2900,2305,4023,14949,17953,22,14,33611,1,3312,36765,1307,3301,300
10781,1791,16913,7339,418,1259,14859,17952,45,41,26179,1,5631,62679,1982,8285,300
10786,1796,16895,5705,1214,2593,15436,17951,77,38,13376,1,3737,6079,979,11533,300
10795,1805,16547,1206,243,2796,14831,17953,78,27,23537,1,3203,11076,1087,12733,300
10796,1806,17204,3913,210,2696,14860,17951,92,29,48389,3,3863,57718,1982,13730,300
10797,1807,16722,2023,693,2882,15094,17954,98,2,22120,1,1136,12883,937,13134,300
10804,1814,16325,323,1220,2275,15076,17952,84,8,50085,1,8521,57983,1982,11845,300
10806,1816,15736,10070,1775,1500,15436,17952,97,38,31892,2,5803,28812,1266,16969,300
10812,1822,15476,5661,625,630,15246,17952,62,29,51858,2,3337,22442,957,9854,300
10815,1825,15909,6886,723,1634,14960,17951,100,40,12203,2,2472,17630,1309,17143,300
10818,1828,15701,11743,2132,1727,15371,17951,83,37,25816,3,3973,8015,883,13670,300
10819,1829,17305,1510,59,4194,14912,17951,96,32,57658,1,7641,53928,1982,16495,300
10829,1839,17899,11666,651,955,14985,17953,69,13,16209,3,3785,13815,934,10978,300
10835,1845,15941,8038,191,4100,15211,17951,85,15,60685,1,8024,22799,1377,13609,300
10847,1857,16830,4277,1594,3743,14782,17951,98,38,13593,1,2116,23063,1216,13734,300
10852,1862,15671,6364,725,2453,15056,17953,37,12,21958,3,1318,14502,986,4772,300
10856,1866,17317,8282,1931,4280,15351,17953,81,15,19533,3,2895,21425,1305,14259,300
10861,1871,15953,9204,507,591,14699,17952,99,14,50984,1,8439,40788,1913,15938,300
10862,1872,17878,9478,1651,17,15322,17951,58,13,49800,1,6714,33185,1358,9466,300
10863,1873,15605,503,53,3783,14770,17953,2,42,31897,2,2980,13378,463,1107,181
10864,1874,16703,11012,615,3552,15318,17954,77,19,14906,1,2836,10036,1087,11104,300
10871,1881,15797,9666,1018,1675,14963,17952,94,42,61990,3,3767,41909,1709,13955,300
10882,1892,17277,7241,1532,3432,15338,17951,82,45,50152,2,4087,38689,1657,11292,300
10888,1898,16370,3841,2136,3235,14720,17952,100,34,64561,2,4118,35929,1661,15566,300
10889,1899,15471,6861,17,4289,14760,17953,88,38,34620,2,2790,14715,1263,11761,300
10894,1904,17176,1823,1780,130,15095,17953,81,28,33757,1,4416,20163,994,13850,300
10902,1912,15873,6906,2237,1912,14721,17951,91,17,11937,3,3404,17379,1049,12872,300
10905,1915,17756,1915,1825,3493,14916,17952,76,3,56693,2,5141,25873,1312,10773,300
10909,1919,17425,6854,2360,4516,15117,17953,98,47,15542,2,3324,26805,1517,16249,300
10913,1923,15863,4169,2164,369,14747,17953,93,6,27580,1,2994,38884,1818,14967,300
10915,1925,16480,9681,2420,1311,14736,17951,84,13,64970,2,6661,47790,1720,15611,300
10923,1933,16966,3490,268,4056,14912,17952,43,8,27483,2,3570,26318,1169,8332,300
10935,1945,16207,11551,36,60,15340,17953,90,17,29698,2,2711,22581,1326,12759,300
10936,1946,15565,8984,780,3853,15283,17952,78,8,52009,2,5109,61652,1982,14643,300
10938,1948,17624,4964,373,4237,15072,17952,9,6,27074,3,1593,14224,607,4667,300
10948,1958,15592,4457,1229,726,15151,17952,95,46,53413,1,4097,34096,1385,15037,300
10952,1962,16223,11133,1350,210,14877,17953,57,39,17403,1,3059,26495,1193,7843,300
10953,1963,17512,6806,1774,3891,15175,17954,91,31,16222,2,565,4936,834,16693,300
10964,1974,16623,4022,1254,3108,15150,17953,86,10,23227,3,4183,14080,1193,11326,300
10969,1979,16408,10871,2539,3698,14984,17952,93,6,56548,3,4386,55348,1982,14246,300
10970,1980,16322,9328,1763,4228,14949,17953,96,42,14322,2,1632,28534,1578,15074,300
10974,1984,15536,2978,1256,1337,15226,17951,90,45,27661,2,6070,59464,1948,11776,300
10975,1985,16533,5101,493,4250,14680,17954,53,44,12324,5,1066,9697,954,9753,300
10980,1990,17904,11365,1033,2172,15007,17953,65,21,25787,5,2665,27523,1382,11368,300
10988,1998,16149,7178,1442,4286,14667,17951,49,30,57615,5,6251,55553,1699,6691,300
10989,1999,16082,9730,106,4700,15003,17951,24,41,44293,4,7297,29857,987,3328,300
10997,2007,16443,6641,1030,1295,14734,17952,82,35,19427,5,1055,14289,985,14160,300
10977,1987,16913,7126,970,2606,14867,17951,72,17,25193,3,7205,41397,1738,9199,300
10979,1989,15623,5229,1187,1864,15103,17954,73,31,9378,3,1369,9529,707,9167,300
10985,1995,16467,2338,51,1,15245,17954,99,23,8669,3,1806,12628,889,16574,300
10986,1996,16496,717,234,594,15034,17953,100,32,14870,4,2740,32659,1536,14472,300
10987,1997,16879,9098,1002,3526,14867,17954,47,40,8153,3,1998,4374,610,7015,300
10990,2000,17897,3704,1223,3581,15067,17953,100,36,23374,4,1841,18571,1064,16885,300
10995,2005,16770,10774,1583,891,15174,17953,96,42,30361,4,2056,17707,1156,14025,300
10981,1991,16964,7304,2097,2612,15163,17951,68,47,61925,4,5034,34783,1529,11781,300
10992,2002,17567,10794,591,3804,14894,17952,77,28,59889,4,3185,20717,1098,13873,300
10993,2003,16323,5302,778,2908,15220,17952,95,24,37268,4,7996,19782,1106,13899,300
10994,2004,15910,2399,1242,2694,14911,17951,68,32,48052,3,8403,48024,1880,12182,300
10999,2009,16374,3470,1103,162,14788,17953,87,43,19518,4,1401,7233,874,15606,300
10978,1988,17140,1068,372,794,14701,17954,100,15,11497,5,1900,17411,1143,17248,300
10982,1992,16922,8639,1951,3122,14753,17952,70,5,51119,4,6186,41693,1431,13387,300
10976,1986,17434,8040,1035,1556,14949,17952,68,42,62902,2,4444,49134,1876,12349,300
10983,1993,16157,1586,2365,1782,14881,17952,98,30,56661,2,6064,56762,1982,12867,300
10984,1994,16735,3970,201,3720,14860,17951,77,18,31775,3,8348,43042,1544,14213,300
10991,2001,17349,1262,640,1994,15056,17953,79,19,8415,3,2837,12111,1042,10925,300
10996,2006,16062,10837,122,2605,14760,17952,66,10,25538,2,5133,54977,1970,9950,300
10998,2008,17169,3136,78,4667,14960,17953,84,40,25808,3,4202,39911,1460,11596,300
